candidate_id,source_id,module_id,grade,subject,subdomain,screen_id,activity_id,record_key,pair_method,candidate_bucket,module_quality_score,module_risk_level,module_quality_flags,review_priority,auto_decision,qa_flags,en_record_text,ne_record_text,en_sentence_index,ne_sentence_index,en_text,ne_text,exclude_reason
EPAATH_grade1__english__basic_sounds_1_candidate_00001,EPAATH_grade1__english__basic_sounds_1,grade1/english/basic_sounds_1,1,english,english_language,overview,lesson/chapter,lesson/chapter,exact_record_key,high_exact_single_sentence,0,high,low_overlap_min;low_overlap_max;low_nepali_script;few_content_pairs;no_content_screen_pairs;many_latin_only_ne_pairs,low,likely_reject,latin_only_nepali;lesson_metadata;module_high_risk;module_low_content_overlap;module_low_coverage;module_low_nepali_script;placeholder_text,Basic Sounds (I),Unit is Under Construction,1,1,Basic Sounds (I),Unit is Under Construction,latin_only_nepali;lesson_metadata;module_high_risk;module_low_content_overlap;module_low_coverage;module_low_nepali_script;placeholder_text
EPAATH_grade1__english__basic_sounds_1_candidate_00002,EPAATH_grade1__english__basic_sounds_1,grade1/english/basic_sounds_1,1,english,english_language,overview,lesson/levelname,lesson/levelname,exact_record_key,low_shared_text,0,high,low_overlap_min;low_overlap_max;low_nepali_script;few_content_pairs;no_content_screen_pairs;many_latin_only_ne_pairs,low,likely_reject,identical_text;latin_only_nepali;lesson_metadata;module_high_risk;module_low_content_overlap;module_low_coverage;module_low_nepali_script,Level 1,Level 1,1,1,Level 1,Level 1,identical_text;latin_only_nepali;lesson_metadata;module_high_risk;module_low_content_overlap;module_low_coverage;module_low_nepali_script
EPAATH_grade1__english__basic_sounds_1_candidate_00003,EPAATH_grade1__english__basic_sounds_1,grade1/english/basic_sounds_1,1,english,english_language,overview,lesson/objective/description/purpose,lesson/objective/description/purpose,exact_record_key,high_exact_single_sentence,0,high,low_overlap_min;low_overlap_max;low_nepali_script;few_content_pairs;no_content_screen_pairs;many_latin_only_ne_pairs,low,likely_reject,latin_only_nepali;lesson_metadata;module_high_risk;module_low_content_overlap;module_low_coverage;module_low_nepali_script;placeholder_text,To recognize sounds of letters and read words starting from them or words containing the letters,This chapter is in grade 2-6 and is under construction.,1,1,To recognize sounds of letters and read words starting from them or words containing the letters,This chapter is in grade 2-6 and is under construction.,latin_only_nepali;lesson_metadata;module_high_risk;module_low_content_overlap;module_low_coverage;module_low_nepali_script;placeholder_text
EPAATH_grade1__english__basic_sounds_1_candidate_00004,EPAATH_grade1__english__basic_sounds_1,grade1/english/basic_sounds_1,1,english,english_language,overview,lesson/objective/title,lesson/objective/title,exact_record_key,high_exact_single_sentence,0,high,low_overlap_min;low_overlap_max;low_nepali_script;few_content_pairs;no_content_screen_pairs;many_latin_only_ne_pairs,low,likely_reject,formula_or_symbolic;latin_only_nepali;lesson_metadata;module_high_risk;module_low_content_overlap;module_low_coverage;module_low_nepali_script,Objectives:,"Objective: By the end of this lesson, you will be able to",1,1,Objectives:,"Objective: By the end of this lesson, you will be able to",formula_or_symbolic;latin_only_nepali;lesson_metadata;module_high_risk;module_low_content_overlap;module_low_coverage;module_low_nepali_script
EPAATH_grade1__english__basic_sounds_1_candidate_00005,EPAATH_grade1__english__basic_sounds_1,grade1/english/basic_sounds_1,1,english,english_language,overview,lesson/subject,lesson/subject,exact_record_key,high_exact_single_sentence,0,high,low_overlap_min;low_overlap_max;low_nepali_script;few_content_pairs;no_content_screen_pairs;many_latin_only_ne_pairs,low,likely_reject,latin_only_nepali;lesson_metadata;module_high_risk;module_low_content_overlap;module_low_coverage;module_low_nepali_script,English,Science,1,1,English,Science,latin_only_nepali;lesson_metadata;module_high_risk;module_low_content_overlap;module_low_coverage;module_low_nepali_script
EPAATH_grade1__english__basic_sounds_1_candidate_00006,EPAATH_grade1__english__basic_sounds_1,grade1/english/basic_sounds_1,1,english,english_language,overview,lesson/topic,lesson/topic,exact_record_key,high_exact_single_sentence,0,high,low_overlap_min;low_overlap_max;low_nepali_script;few_content_pairs;no_content_screen_pairs;many_latin_only_ne_pairs,low,likely_reject,formula_or_symbolic;latin_only_nepali;lesson_metadata;module_high_risk;module_low_content_overlap;module_low_coverage;module_low_nepali_script,English-EN,Physics-EN,1,1,English-EN,Physics-EN,formula_or_symbolic;latin_only_nepali;lesson_metadata;module_high_risk;module_low_content_overlap;module_low_coverage;module_low_nepali_script
EPAATH_grade1__english__basic_sounds_2_candidate_00001,EPAATH_grade1__english__basic_sounds_2,grade1/english/basic_sounds_2,1,english,english_language,overview,lesson/chapter,lesson/chapter,exact_record_key,high_exact_single_sentence,0,high,low_overlap_min;low_overlap_max;low_nepali_script;few_content_pairs;no_content_screen_pairs;many_latin_only_ne_pairs,low,likely_reject,latin_only_nepali;lesson_metadata;module_high_risk;module_low_content_overlap;module_low_coverage;module_low_nepali_script;placeholder_text,Basic Sounds (II),Unit is Under Construction,1,1,Basic Sounds (II),Unit is Under Construction,latin_only_nepali;lesson_metadata;module_high_risk;module_low_content_overlap;module_low_coverage;module_low_nepali_script;placeholder_text
EPAATH_grade1__english__basic_sounds_2_candidate_00002,EPAATH_grade1__english__basic_sounds_2,grade1/english/basic_sounds_2,1,english,english_language,overview,lesson/levelname,lesson/levelname,exact_record_key,low_shared_text,0,high,low_overlap_min;low_overlap_max;low_nepali_script;few_content_pairs;no_content_screen_pairs;many_latin_only_ne_pairs,low,likely_reject,identical_text;latin_only_nepali;lesson_metadata;module_high_risk;module_low_content_overlap;module_low_coverage;module_low_nepali_script,Level 1,Level 1,1,1,Level 1,Level 1,identical_text;latin_only_nepali;lesson_metadata;module_high_risk;module_low_content_overlap;module_low_coverage;module_low_nepali_script
EPAATH_grade1__english__basic_sounds_2_candidate_00003,EPAATH_grade1__english__basic_sounds_2,grade1/english/basic_sounds_2,1,english,english_language,overview,lesson/objective/description/purpose,lesson/objective/description/purpose,exact_record_key,high_exact_single_sentence,0,high,low_overlap_min;low_overlap_max;low_nepali_script;few_content_pairs;no_content_screen_pairs;many_latin_only_ne_pairs,low,likely_reject,latin_only_nepali;lesson_metadata;module_high_risk;module_low_content_overlap;module_low_coverage;module_low_nepali_script;placeholder_text,To recognize sounds of letters and read words starting from them or words containing the letters,This chapter is in grade 2-6 and is under construction.,1,1,To recognize sounds of letters and read words starting from them or words containing the letters,This chapter is in grade 2-6 and is under construction.,latin_only_nepali;lesson_metadata;module_high_risk;module_low_content_overlap;module_low_coverage;module_low_nepali_script;placeholder_text
EPAATH_grade1__english__basic_sounds_2_candidate_00004,EPAATH_grade1__english__basic_sounds_2,grade1/english/basic_sounds_2,1,english,english_language,overview,lesson/objective/title,lesson/objective/title,exact_record_key,high_exact_single_sentence,0,high,low_overlap_min;low_overlap_max;low_nepali_script;few_content_pairs;no_content_screen_pairs;many_latin_only_ne_pairs,low,likely_reject,formula_or_symbolic;latin_only_nepali;lesson_metadata;module_high_risk;module_low_content_overlap;module_low_coverage;module_low_nepali_script,Objectives:,"Objective: By the end of this lesson, you will be able to",1,1,Objectives:,"Objective: By the end of this lesson, you will be able to",formula_or_symbolic;latin_only_nepali;lesson_metadata;module_high_risk;module_low_content_overlap;module_low_coverage;module_low_nepali_script
EPAATH_grade1__english__basic_sounds_2_candidate_00005,EPAATH_grade1__english__basic_sounds_2,grade1/english/basic_sounds_2,1,english,english_language,overview,lesson/subject,lesson/subject,exact_record_key,high_exact_single_sentence,0,high,low_overlap_min;low_overlap_max;low_nepali_script;few_content_pairs;no_content_screen_pairs;many_latin_only_ne_pairs,low,likely_reject,latin_only_nepali;lesson_metadata;module_high_risk;module_low_content_overlap;module_low_coverage;module_low_nepali_script,English,Science,1,1,English,Science,latin_only_nepali;lesson_metadata;module_high_risk;module_low_content_overlap;module_low_coverage;module_low_nepali_script
EPAATH_grade1__english__basic_sounds_2_candidate_00006,EPAATH_grade1__english__basic_sounds_2,grade1/english/basic_sounds_2,1,english,english_language,overview,lesson/topic,lesson/topic,exact_record_key,high_exact_single_sentence,0,high,low_overlap_min;low_overlap_max;low_nepali_script;few_content_pairs;no_content_screen_pairs;many_latin_only_ne_pairs,low,likely_reject,formula_or_symbolic;latin_only_nepali;lesson_metadata;module_high_risk;module_low_content_overlap;module_low_coverage;module_low_nepali_script,English-EN,Physics-EN,1,1,English-EN,Physics-EN,formula_or_symbolic;latin_only_nepali;lesson_metadata;module_high_risk;module_low_content_overlap;module_low_coverage;module_low_nepali_script
EPAATH_grade1__english__basic_sounds_3_candidate_00001,EPAATH_grade1__english__basic_sounds_3,grade1/english/basic_sounds_3,1,english,english_language,overview,lesson/chapter,lesson/chapter,exact_record_key,high_exact_single_sentence,0,high,low_overlap_min;low_overlap_max;low_nepali_script;few_content_pairs;no_content_screen_pairs;many_latin_only_ne_pairs,low,likely_reject,latin_only_nepali;lesson_metadata;module_high_risk;module_low_content_overlap;module_low_coverage;module_low_nepali_script;placeholder_text,Basic Sounds (III),Unit is Under Construction,1,1,Basic Sounds (III),Unit is Under Construction,latin_only_nepali;lesson_metadata;module_high_risk;module_low_content_overlap;module_low_coverage;module_low_nepali_script;placeholder_text
EPAATH_grade1__english__basic_sounds_3_candidate_00002,EPAATH_grade1__english__basic_sounds_3,grade1/english/basic_sounds_3,1,english,english_language,overview,lesson/levelname,lesson/levelname,exact_record_key,low_shared_text,0,high,low_overlap_min;low_overlap_max;low_nepali_script;few_content_pairs;no_content_screen_pairs;many_latin_only_ne_pairs,low,likely_reject,identical_text;latin_only_nepali;lesson_metadata;module_high_risk;module_low_content_overlap;module_low_coverage;module_low_nepali_script,Level 1,Level 1,1,1,Level 1,Level 1,identical_text;latin_only_nepali;lesson_metadata;module_high_risk;module_low_content_overlap;module_low_coverage;module_low_nepali_script
EPAATH_grade1__english__basic_sounds_3_candidate_00003,EPAATH_grade1__english__basic_sounds_3,grade1/english/basic_sounds_3,1,english,english_language,overview,lesson/objective/description/purpose,lesson/objective/description/purpose,exact_record_key,high_exact_single_sentence,0,high,low_overlap_min;low_overlap_max;low_nepali_script;few_content_pairs;no_content_screen_pairs;many_latin_only_ne_pairs,low,likely_reject,latin_only_nepali;lesson_metadata;module_high_risk;module_low_content_overlap;module_low_coverage;module_low_nepali_script;placeholder_text,To recognize sounds of letters and read words starting from them or words containing the letters,This chapter is in grade 2-6 and is under construction.,1,1,To recognize sounds of letters and read words starting from them or words containing the letters,This chapter is in grade 2-6 and is under construction.,latin_only_nepali;lesson_metadata;module_high_risk;module_low_content_overlap;module_low_coverage;module_low_nepali_script;placeholder_text
EPAATH_grade1__english__basic_sounds_3_candidate_00004,EPAATH_grade1__english__basic_sounds_3,grade1/english/basic_sounds_3,1,english,english_language,overview,lesson/objective/title,lesson/objective/title,exact_record_key,high_exact_single_sentence,0,high,low_overlap_min;low_overlap_max;low_nepali_script;few_content_pairs;no_content_screen_pairs;many_latin_only_ne_pairs,low,likely_reject,formula_or_symbolic;latin_only_nepali;lesson_metadata;module_high_risk;module_low_content_overlap;module_low_coverage;module_low_nepali_script,Objectives:,"Objective: By the end of this lesson, you will be able to",1,1,Objectives:,"Objective: By the end of this lesson, you will be able to",formula_or_symbolic;latin_only_nepali;lesson_metadata;module_high_risk;module_low_content_overlap;module_low_coverage;module_low_nepali_script
EPAATH_grade1__english__basic_sounds_3_candidate_00005,EPAATH_grade1__english__basic_sounds_3,grade1/english/basic_sounds_3,1,english,english_language,overview,lesson/subject,lesson/subject,exact_record_key,high_exact_single_sentence,0,high,low_overlap_min;low_overlap_max;low_nepali_script;few_content_pairs;no_content_screen_pairs;many_latin_only_ne_pairs,low,likely_reject,latin_only_nepali;lesson_metadata;module_high_risk;module_low_content_overlap;module_low_coverage;module_low_nepali_script,English,Science,1,1,English,Science,latin_only_nepali;lesson_metadata;module_high_risk;module_low_content_overlap;module_low_coverage;module_low_nepali_script
EPAATH_grade1__english__basic_sounds_3_candidate_00006,EPAATH_grade1__english__basic_sounds_3,grade1/english/basic_sounds_3,1,english,english_language,overview,lesson/topic,lesson/topic,exact_record_key,high_exact_single_sentence,0,high,low_overlap_min;low_overlap_max;low_nepali_script;few_content_pairs;no_content_screen_pairs;many_latin_only_ne_pairs,low,likely_reject,formula_or_symbolic;latin_only_nepali;lesson_metadata;module_high_risk;module_low_content_overlap;module_low_coverage;module_low_nepali_script,English-EN,Physics-EN,1,1,English-EN,Physics-EN,formula_or_symbolic;latin_only_nepali;lesson_metadata;module_high_risk;module_low_content_overlap;module_low_coverage;module_low_nepali_script
EPAATH_grade1__english__friends_and_festivals_candidate_00004,EPAATH_grade1__english__friends_and_festivals,grade1/english/friends_and_festivals,1,english,english_language,overview,lesson/objective/title,lesson/objective/title,exact_record_key,high_exact_single_sentence,65,medium,low_overlap_min;low_overlap_max,low,likely_reject,formula_or_symbolic;lesson_metadata;module_low_coverage,Objectives:,उद्देश्य:,1,1,Objectives:,उद्देश्य:,formula_or_symbolic;lesson_metadata;module_low_coverage
EPAATH_grade1__english__friends_and_festivals_candidate_00006,EPAATH_grade1__english__friends_and_festivals,grade1/english/friends_and_festivals,1,english,english_language,overview,lesson/topic,lesson/topic,exact_record_key,high_exact_single_sentence,65,medium,low_overlap_min;low_overlap_max,low,likely_reject,formula_or_symbolic;lesson_metadata;module_low_coverage,English-EN,विज्ञान-ने,1,1,English-EN,विज्ञान-ने,formula_or_symbolic;lesson_metadata;module_low_coverage
EPAATH_grade1__english__i_likee_to_play_candidate_00001,EPAATH_grade1__english__i_likee_to_play,grade1/english/i_likee_to_play,1,english,english_language,overview,lesson/chapter,lesson/chapter,exact_record_key,high_exact_single_sentence,35,high,low_overlap_min;low_overlap_max,low,likely_reject,lesson_metadata;module_high_risk;module_low_coverage,I like to play,कुराकानी र जानकारी,1,1,I like to play,कुराकानी र जानकारी,lesson_metadata;module_high_risk;module_low_coverage
EPAATH_grade1__english__i_likee_to_play_candidate_00002,EPAATH_grade1__english__i_likee_to_play,grade1/english/i_likee_to_play,1,english,english_language,overview,lesson/levelname,lesson/levelname,exact_record_key,high_exact_single_sentence,35,high,low_overlap_min;low_overlap_max,low,likely_reject,lesson_metadata;module_high_risk;module_low_coverage,Grade 1,कक्षा १,1,1,Grade 1,कक्षा १,lesson_metadata;module_high_risk;module_low_coverage
EPAATH_grade1__english__i_likee_to_play_candidate_00003,EPAATH_grade1__english__i_likee_to_play,grade1/english/i_likee_to_play,1,english,english_language,overview,lesson/objective/description/purpose,lesson/objective/description/purpose,exact_record_key,high_exact_single_sentence,35,high,low_overlap_min;low_overlap_max,low,likely_reject,lesson_metadata;module_high_risk;module_low_coverage,Express your own likes and dislikes (“I like ...” “I don’t like….”),दैनिक जीवनमा प्रयोग हुने सञ्चारका माध्यमहरुको नाम बताउन,1,1,Express your own likes and dislikes (“I like ...” “I don’t like….”),दैनिक जीवनमा प्रयोग हुने सञ्चारका माध्यमहरुको नाम बताउन,lesson_metadata;module_high_risk;module_low_coverage
EPAATH_grade1__english__i_likee_to_play_candidate_00004,EPAATH_grade1__english__i_likee_to_play,grade1/english/i_likee_to_play,1,english,english_language,overview,lesson/objective/title,lesson/objective/title,exact_record_key,low_shared_text,35,high,low_overlap_min;low_overlap_max,low,likely_reject,formula_or_symbolic;identical_text;latin_only_nepali;lesson_metadata;module_high_risk;module_low_coverage,Objectives:,Objectives:,1,1,Objectives:,Objectives:,formula_or_symbolic;identical_text;latin_only_nepali;lesson_metadata;module_high_risk;module_low_coverage
EPAATH_grade1__english__i_likee_to_play_candidate_00005,EPAATH_grade1__english__i_likee_to_play,grade1/english/i_likee_to_play,1,english,english_language,overview,lesson/subject,lesson/subject,exact_record_key,high_exact_single_sentence,35,high,low_overlap_min;low_overlap_max,low,likely_reject,lesson_metadata;module_high_risk;module_low_coverage,English,सजीव र निर्जीव,1,1,English,सजीव र निर्जीव,lesson_metadata;module_high_risk;module_low_coverage
EPAATH_grade1__english__i_likee_to_play_candidate_00006,EPAATH_grade1__english__i_likee_to_play,grade1/english/i_likee_to_play,1,english,english_language,overview,lesson/topic,lesson/topic,exact_record_key,high_exact_single_sentence,35,high,low_overlap_min;low_overlap_max,low,likely_reject,lesson_metadata;module_high_risk;module_low_coverage,English,सजीव र निर्जीव,1,1,English,सजीव र निर्जीव,lesson_metadata;module_high_risk;module_low_coverage
EPAATH_grade1__english__identifying_letters_i_candidate_00001,EPAATH_grade1__english__identifying_letters_i,grade1/english/identifying_letters_i,1,english,english_language,overview,lesson/chapter,lesson/chapter,exact_record_key,high_exact_single_sentence,35,high,low_overlap_min;low_overlap_max,low,likely_reject,lesson_metadata;module_high_risk;module_low_coverage,Identifying Letters (A to H),झूटो नबोल,1,1,Identifying Letters (A to H),झूटो नबोल,lesson_metadata;module_high_risk;module_low_coverage
EPAATH_grade1__english__identifying_letters_i_candidate_00002,EPAATH_grade1__english__identifying_letters_i,grade1/english/identifying_letters_i,1,english,english_language,overview,lesson/objective/description/purpose,lesson/objective/description/purpose,exact_record_key,high_exact_single_sentence,35,high,low_overlap_min;low_overlap_max,low,likely_reject,lesson_metadata;module_high_risk;module_low_coverage,To identify letters from A to H,सरल कथा हाउभाउसहित पढ्न,1,1,To identify letters from A to H,सरल कथा हाउभाउसहित पढ्न,lesson_metadata;module_high_risk;module_low_coverage
EPAATH_grade1__english__identifying_letters_i_candidate_00003,EPAATH_grade1__english__identifying_letters_i,grade1/english/identifying_letters_i,1,english,english_language,overview,lesson/objective/title,lesson/objective/title,exact_record_key,high_exact_single_sentence,35,high,low_overlap_min;low_overlap_max,low,likely_reject,formula_or_symbolic;latin_only_nepali;lesson_metadata;module_high_risk;module_low_coverage,Objectives:,"Objective: By the end of this lesson, you will be able to",1,1,Objectives:,"Objective: By the end of this lesson, you will be able to",formula_or_symbolic;latin_only_nepali;lesson_metadata;module_high_risk;module_low_coverage
EPAATH_grade1__english__identifying_letters_i_candidate_00004,EPAATH_grade1__english__identifying_letters_i,grade1/english/identifying_letters_i,1,english,english_language,overview,lesson/subject,lesson/subject,exact_record_key,high_exact_single_sentence,35,high,low_overlap_min;low_overlap_max,low,likely_reject,lesson_metadata;module_high_risk;module_low_coverage,English,नेपाली,1,1,English,नेपाली,lesson_metadata;module_high_risk;module_low_coverage
EPAATH_grade1__english__identifying_letters_sec_candidate_00003,EPAATH_grade1__english__identifying_letters_sec,grade1/english/identifying_letters_sec,1,english,english_language,overview,lesson/objective/title,lesson/objective/title,exact_record_key,high_exact_single_sentence,60,medium,low_overlap_min,low,likely_reject,formula_or_symbolic;latin_only_nepali;lesson_metadata,Objectives:,"Objective: By the end of this lesson, you will be able to",1,1,Objectives:,"Objective: By the end of this lesson, you will be able to",formula_or_symbolic;latin_only_nepali;lesson_metadata
EPAATH_grade1__english__identifying_letters_third_candidate_00003,EPAATH_grade1__english__identifying_letters_third,grade1/english/identifying_letters_third,1,english,english_language,overview,lesson/objective/title,lesson/objective/title,exact_record_key,high_exact_single_sentence,60,medium,low_overlap_min,low,likely_reject,formula_or_symbolic;latin_only_nepali;lesson_metadata,Objectives:,"Objective: By the end of this lesson, you will be able to",1,1,Objectives:,"Objective: By the end of this lesson, you will be able to",formula_or_symbolic;latin_only_nepali;lesson_metadata
EPAATH_grade1__english__lines_and_curves_candidate_00004,EPAATH_grade1__english__lines_and_curves,grade1/english/lines_and_curves,1,english,english_language,overview,lesson/objective/title,lesson/objective/title,exact_record_key,high_exact_single_sentence,60,medium,,low,likely_reject,formula_or_symbolic;lesson_metadata,Objectives:,उद्देश्य:,1,1,Objectives:,उद्देश्य:,formula_or_symbolic;lesson_metadata
EPAATH_grade1__english__lines_and_curves_candidate_00006,EPAATH_grade1__english__lines_and_curves,grade1/english/lines_and_curves,1,english,english_language,overview,lesson/topic,lesson/topic,exact_record_key,high_exact_single_sentence,60,medium,,low,likely_reject,formula_or_symbolic;lesson_metadata,Arithmetic-EN,अङ्क गणित-ने,1,1,Arithmetic-EN,अङ्क गणित-ने,formula_or_symbolic;lesson_metadata
EPAATH_grade1__english__numbers_candidate_00001,EPAATH_grade1__english__numbers,grade1/english/numbers,1,english,english_language,overview,lesson/levelname,lesson/levelname,exact_record_key,low_shared_text,15,high,low_overlap_max;low_nepali_script;few_content_pairs;many_identical_pairs;many_latin_only_ne_pairs,low,likely_reject,identical_text;latin_only_nepali;lesson_metadata;module_high_risk;module_low_content_overlap;module_low_coverage;module_low_nepali_script,Level 1,Level 1,1,1,Level 1,Level 1,identical_text;latin_only_nepali;lesson_metadata;module_high_risk;module_low_content_overlap;module_low_coverage;module_low_nepali_script
EPAATH_grade1__english__numbers_candidate_00002,EPAATH_grade1__english__numbers,grade1/english/numbers,1,english,english_language,overview,lesson/objective/title,lesson/objective/title,exact_record_key,low_shared_text,15,high,low_overlap_max;low_nepali_script;few_content_pairs;many_identical_pairs;many_latin_only_ne_pairs,low,likely_reject,formula_or_symbolic;identical_text;latin_only_nepali;lesson_metadata;module_high_risk;module_low_content_overlap;module_low_coverage;module_low_nepali_script,Objectives:,Objectives:,1,1,Objectives:,Objectives:,formula_or_symbolic;identical_text;latin_only_nepali;lesson_metadata;module_high_risk;module_low_content_overlap;module_low_coverage;module_low_nepali_script
EPAATH_grade1__english__numbers_candidate_00003,EPAATH_grade1__english__numbers,grade1/english/numbers,1,english,english_language,overview,lesson/subject,lesson/subject,exact_record_key,low_shared_text,15,high,low_overlap_max;low_nepali_script;few_content_pairs;many_identical_pairs;many_latin_only_ne_pairs,low,likely_reject,identical_text;latin_only_nepali;lesson_metadata;module_high_risk;module_low_content_overlap;module_low_coverage;module_low_nepali_script,English,English,1,1,English,English,identical_text;latin_only_nepali;lesson_metadata;module_high_risk;module_low_content_overlap;module_low_coverage;module_low_nepali_script
EPAATH_grade1__english__numbers_candidate_00004,EPAATH_grade1__english__numbers,grade1/english/numbers,1,english,english_language,overview,lesson/topic,lesson/topic,exact_record_key,low_shared_text,15,high,low_overlap_max;low_nepali_script;few_content_pairs;many_identical_pairs;many_latin_only_ne_pairs,low,likely_reject,formula_or_symbolic;identical_text;latin_only_nepali;lesson_metadata;module_high_risk;module_low_content_overlap;module_low_coverage;module_low_nepali_script,English-EN,English-EN,1,1,English-EN,English-EN,formula_or_symbolic;identical_text;latin_only_nepali;lesson_metadata;module_high_risk;module_low_content_overlap;module_low_coverage;module_low_nepali_script
EPAATH_grade1__english__recognizing_and_matching_shapes_candidate_00001,EPAATH_grade1__english__recognizing_and_matching_shapes,grade1/english/recognizing_and_matching_shapes,1,english,english_language,overview,lesson/levelname,lesson/levelname,exact_record_key,low_shared_text,0,high,low_overlap_max;low_nepali_script;few_content_pairs;no_content_screen_pairs;many_identical_pairs;many_latin_only_ne_pairs,low,likely_reject,identical_text;latin_only_nepali;lesson_metadata;module_high_risk;module_low_content_overlap;module_low_coverage;module_low_nepali_script,Level 1,Level 1,1,1,Level 1,Level 1,identical_text;latin_only_nepali;lesson_metadata;module_high_risk;module_low_content_overlap;module_low_coverage;module_low_nepali_script
EPAATH_grade1__english__recognizing_and_matching_shapes_candidate_00002,EPAATH_grade1__english__recognizing_and_matching_shapes,grade1/english/recognizing_and_matching_shapes,1,english,english_language,overview,lesson/objective/title,lesson/objective/title,exact_record_key,low_shared_text,0,high,low_overlap_max;low_nepali_script;few_content_pairs;no_content_screen_pairs;many_identical_pairs;many_latin_only_ne_pairs,low,likely_reject,formula_or_symbolic;identical_text;latin_only_nepali;lesson_metadata;module_high_risk;module_low_content_overlap;module_low_coverage;module_low_nepali_script,Objectives:,Objectives:,1,1,Objectives:,Objectives:,formula_or_symbolic;identical_text;latin_only_nepali;lesson_metadata;module_high_risk;module_low_content_overlap;module_low_coverage;module_low_nepali_script
EPAATH_grade1__english__recognizing_and_matching_shapes_candidate_00003,EPAATH_grade1__english__recognizing_and_matching_shapes,grade1/english/recognizing_and_matching_shapes,1,english,english_language,overview,lesson/subject,lesson/subject,exact_record_key,low_shared_text,0,high,low_overlap_max;low_nepali_script;few_content_pairs;no_content_screen_pairs;many_identical_pairs;many_latin_only_ne_pairs,low,likely_reject,identical_text;latin_only_nepali;lesson_metadata;module_high_risk;module_low_content_overlap;module_low_coverage;module_low_nepali_script,English,English,1,1,English,English,identical_text;latin_only_nepali;lesson_metadata;module_high_risk;module_low_content_overlap;module_low_coverage;module_low_nepali_script
EPAATH_grade1__english__recognizing_and_matching_shapes_candidate_00004,EPAATH_grade1__english__recognizing_and_matching_shapes,grade1/english/recognizing_and_matching_shapes,1,english,english_language,overview,lesson/topic,lesson/topic,exact_record_key,low_shared_text,0,high,low_overlap_max;low_nepali_script;few_content_pairs;no_content_screen_pairs;many_identical_pairs;many_latin_only_ne_pairs,low,likely_reject,formula_or_symbolic;identical_text;latin_only_nepali;lesson_metadata;module_high_risk;module_low_content_overlap;module_low_coverage;module_low_nepali_script,English-EN,English-EN,1,1,English-EN,English-EN,formula_or_symbolic;identical_text;latin_only_nepali;lesson_metadata;module_high_risk;module_low_content_overlap;module_low_coverage;module_low_nepali_script
EPAATH_grade1__english__short_vowels_candidate_00001,EPAATH_grade1__english__short_vowels,grade1/english/short_vowels,1,english,english_language,overview,lesson/chapter,lesson/chapter,exact_record_key,high_exact_single_sentence,0,high,low_overlap_min;low_overlap_max;low_nepali_script;few_content_pairs;no_content_screen_pairs;many_latin_only_ne_pairs,low,likely_reject,latin_only_nepali;lesson_metadata;module_high_risk;module_low_content_overlap;module_low_coverage;module_low_nepali_script;placeholder_text,Short Vowel Sounds,Unit is Under Construction,1,1,Short Vowel Sounds,Unit is Under Construction,latin_only_nepali;lesson_metadata;module_high_risk;module_low_content_overlap;module_low_coverage;module_low_nepali_script;placeholder_text
EPAATH_grade1__english__short_vowels_candidate_00002,EPAATH_grade1__english__short_vowels,grade1/english/short_vowels,1,english,english_language,overview,lesson/levelname,lesson/levelname,exact_record_key,low_shared_text,0,high,low_overlap_min;low_overlap_max;low_nepali_script;few_content_pairs;no_content_screen_pairs;many_latin_only_ne_pairs,low,likely_reject,identical_text;latin_only_nepali;lesson_metadata;module_high_risk;module_low_content_overlap;module_low_coverage;module_low_nepali_script,Level 1,Level 1,1,1,Level 1,Level 1,identical_text;latin_only_nepali;lesson_metadata;module_high_risk;module_low_content_overlap;module_low_coverage;module_low_nepali_script
EPAATH_grade1__english__short_vowels_candidate_00003,EPAATH_grade1__english__short_vowels,grade1/english/short_vowels,1,english,english_language,overview,lesson/objective/description/purpose,lesson/objective/description/purpose,exact_record_key,high_exact_single_sentence,0,high,low_overlap_min;low_overlap_max;low_nepali_script;few_content_pairs;no_content_screen_pairs;many_latin_only_ne_pairs,low,likely_reject,latin_only_nepali;lesson_metadata;module_high_risk;module_low_content_overlap;module_low_coverage;module_low_nepali_script;placeholder_text,To learn that there are five vowels,This chapter is in grade 2-6 and is under construction.,1,1,To learn that there are five vowels,This chapter is in grade 2-6 and is under construction.,latin_only_nepali;lesson_metadata;module_high_risk;module_low_content_overlap;module_low_coverage;module_low_nepali_script;placeholder_text
EPAATH_grade1__english__short_vowels_candidate_00004,EPAATH_grade1__english__short_vowels,grade1/english/short_vowels,1,english,english_language,overview,lesson/objective/description/purpose[2],lesson/objective/description/purpose[2],exact_record_key,high_exact_single_sentence,0,high,low_overlap_min;low_overlap_max;low_nepali_script;few_content_pairs;no_content_screen_pairs;many_latin_only_ne_pairs,low,likely_reject,latin_only_nepali;lesson_metadata;module_high_risk;module_low_content_overlap;module_low_coverage;module_low_nepali_script,To identify the short vowel sounds,"The content for grade 2-6, in flash, can be found @: Epaath Grade 2 to 6",1,1,To identify the short vowel sounds,"The content for grade 2-6, in flash, can be found @: Epaath Grade 2 to 6",latin_only_nepali;lesson_metadata;module_high_risk;module_low_content_overlap;module_low_coverage;module_low_nepali_script
EPAATH_grade1__english__short_vowels_candidate_00005,EPAATH_grade1__english__short_vowels,grade1/english/short_vowels,1,english,english_language,overview,lesson/objective/title,lesson/objective/title,exact_record_key,high_exact_single_sentence,0,high,low_overlap_min;low_overlap_max;low_nepali_script;few_content_pairs;no_content_screen_pairs;many_latin_only_ne_pairs,low,likely_reject,formula_or_symbolic;latin_only_nepali;lesson_metadata;module_high_risk;module_low_content_overlap;module_low_coverage;module_low_nepali_script,Objectives:,"Objective: By the end of this lesson, you will be able to",1,1,Objectives:,"Objective: By the end of this lesson, you will be able to",formula_or_symbolic;latin_only_nepali;lesson_metadata;module_high_risk;module_low_content_overlap;module_low_coverage;module_low_nepali_script
EPAATH_grade1__english__short_vowels_candidate_00006,EPAATH_grade1__english__short_vowels,grade1/english/short_vowels,1,english,english_language,overview,lesson/subject,lesson/subject,exact_record_key,high_exact_single_sentence,0,high,low_overlap_min;low_overlap_max;low_nepali_script;few_content_pairs;no_content_screen_pairs;many_latin_only_ne_pairs,low,likely_reject,latin_only_nepali;lesson_metadata;module_high_risk;module_low_content_overlap;module_low_coverage;module_low_nepali_script,English,Science,1,1,English,Science,latin_only_nepali;lesson_metadata;module_high_risk;module_low_content_overlap;module_low_coverage;module_low_nepali_script
EPAATH_grade1__english__short_vowels_candidate_00007,EPAATH_grade1__english__short_vowels,grade1/english/short_vowels,1,english,english_language,overview,lesson/topic,lesson/topic,exact_record_key,high_exact_single_sentence,0,high,low_overlap_min;low_overlap_max;low_nepali_script;few_content_pairs;no_content_screen_pairs;many_latin_only_ne_pairs,low,likely_reject,formula_or_symbolic;latin_only_nepali;lesson_metadata;module_high_risk;module_low_content_overlap;module_low_coverage;module_low_nepali_script,English-EN,Physics-EN,1,1,English-EN,Physics-EN,formula_or_symbolic;latin_only_nepali;lesson_metadata;module_high_risk;module_low_content_overlap;module_low_coverage;module_low_nepali_script
EPAATH_grade1__english__simple_greetings_candidate_00001,EPAATH_grade1__english__simple_greetings,grade1/english/simple_greetings,1,english,english_language,overview,lesson/chapter,lesson/chapter,exact_record_key,high_exact_single_sentence,0,high,low_overlap_min;low_overlap_max;low_nepali_script;few_content_pairs;no_content_screen_pairs;many_latin_only_ne_pairs,low,likely_reject,latin_only_nepali;lesson_metadata;module_high_risk;module_low_content_overlap;module_low_coverage;module_low_nepali_script;placeholder_text,Simple Greetings,Unit is Under Construction,1,1,Simple Greetings,Unit is Under Construction,latin_only_nepali;lesson_metadata;module_high_risk;module_low_content_overlap;module_low_coverage;module_low_nepali_script;placeholder_text
EPAATH_grade1__english__simple_greetings_candidate_00002,EPAATH_grade1__english__simple_greetings,grade1/english/simple_greetings,1,english,english_language,overview,lesson/levelname,lesson/levelname,exact_record_key,low_shared_text,0,high,low_overlap_min;low_overlap_max;low_nepali_script;few_content_pairs;no_content_screen_pairs;many_latin_only_ne_pairs,low,likely_reject,identical_text;latin_only_nepali;lesson_metadata;module_high_risk;module_low_content_overlap;module_low_coverage;module_low_nepali_script,Level 1,Level 1,1,1,Level 1,Level 1,identical_text;latin_only_nepali;lesson_metadata;module_high_risk;module_low_content_overlap;module_low_coverage;module_low_nepali_script
EPAATH_grade1__english__simple_greetings_candidate_00003,EPAATH_grade1__english__simple_greetings,grade1/english/simple_greetings,1,english,english_language,overview,lesson/objective/description/purpose,lesson/objective/description/purpose,exact_record_key,high_exact_single_sentence,0,high,low_overlap_min;low_overlap_max;low_nepali_script;few_content_pairs;no_content_screen_pairs;many_latin_only_ne_pairs,low,likely_reject,latin_only_nepali;lesson_metadata;module_high_risk;module_low_content_overlap;module_low_coverage;module_low_nepali_script;placeholder_text,To ask and answer simple questions about present action,This chapter is in grade 2-6 and is under construction.,1,1,To ask and answer simple questions about present action,This chapter is in grade 2-6 and is under construction.,latin_only_nepali;lesson_metadata;module_high_risk;module_low_content_overlap;module_low_coverage;module_low_nepali_script;placeholder_text
EPAATH_grade1__english__simple_greetings_candidate_00004,EPAATH_grade1__english__simple_greetings,grade1/english/simple_greetings,1,english,english_language,overview,lesson/objective/description/purpose[2],lesson/objective/description/purpose[2],exact_record_key,high_exact_single_sentence,0,high,low_overlap_min;low_overlap_max;low_nepali_script;few_content_pairs;no_content_screen_pairs;many_latin_only_ne_pairs,low,likely_reject,latin_only_nepali;lesson_metadata;module_high_risk;module_low_content_overlap;module_low_coverage;module_low_nepali_script,"To ask and answer simple questions, including greetings, naming actions and objects","The content for grade 2-6, in flash, can be found @: Epaath Grade 2 to 6",1,1,"To ask and answer simple questions, including greetings, naming actions and objects","The content for grade 2-6, in flash, can be found @: Epaath Grade 2 to 6",latin_only_nepali;lesson_metadata;module_high_risk;module_low_content_overlap;module_low_coverage;module_low_nepali_script
EPAATH_grade1__english__simple_greetings_candidate_00005,EPAATH_grade1__english__simple_greetings,grade1/english/simple_greetings,1,english,english_language,overview,lesson/objective/title,lesson/objective/title,exact_record_key,high_exact_single_sentence,0,high,low_overlap_min;low_overlap_max;low_nepali_script;few_content_pairs;no_content_screen_pairs;many_latin_only_ne_pairs,low,likely_reject,formula_or_symbolic;latin_only_nepali;lesson_metadata;module_high_risk;module_low_content_overlap;module_low_coverage;module_low_nepali_script,Objectives:,"Objective: By the end of this lesson, you will be able to",1,1,Objectives:,"Objective: By the end of this lesson, you will be able to",formula_or_symbolic;latin_only_nepali;lesson_metadata;module_high_risk;module_low_content_overlap;module_low_coverage;module_low_nepali_script
EPAATH_grade1__english__simple_greetings_candidate_00006,EPAATH_grade1__english__simple_greetings,grade1/english/simple_greetings,1,english,english_language,overview,lesson/subject,lesson/subject,exact_record_key,high_exact_single_sentence,0,high,low_overlap_min;low_overlap_max;low_nepali_script;few_content_pairs;no_content_screen_pairs;many_latin_only_ne_pairs,low,likely_reject,latin_only_nepali;lesson_metadata;module_high_risk;module_low_content_overlap;module_low_coverage;module_low_nepali_script,English,Science,1,1,English,Science,latin_only_nepali;lesson_metadata;module_high_risk;module_low_content_overlap;module_low_coverage;module_low_nepali_script
EPAATH_grade1__english__simple_greetings_candidate_00007,EPAATH_grade1__english__simple_greetings,grade1/english/simple_greetings,1,english,english_language,overview,lesson/topic,lesson/topic,exact_record_key,high_exact_single_sentence,0,high,low_overlap_min;low_overlap_max;low_nepali_script;few_content_pairs;no_content_screen_pairs;many_latin_only_ne_pairs,low,likely_reject,formula_or_symbolic;latin_only_nepali;lesson_metadata;module_high_risk;module_low_content_overlap;module_low_coverage;module_low_nepali_script,English-EN,Physics-EN,1,1,English-EN,Physics-EN,formula_or_symbolic;latin_only_nepali;lesson_metadata;module_high_risk;module_low_content_overlap;module_low_coverage;module_low_nepali_script
EPAATH_grade1__math__adding_three_numbers_candidate_00004,EPAATH_grade1__math__adding_three_numbers,grade1/math/adding_three_numbers,1,math,mathematics,overview,lesson/objective/title,lesson/objective/title,exact_record_key,high_exact_single_sentence,100,low,,low,likely_reject,formula_or_symbolic;lesson_metadata,Objectives:,उद्देश्य:,1,1,Objectives:,उद्देश्य:,formula_or_symbolic;lesson_metadata
EPAATH_grade1__math__adding_three_numbers_candidate_00013,EPAATH_grade1__math__adding_three_numbers,grade1/math/adding_three_numbers,1,math,mathematics,overview,n_10,strings/string#id=n_10,exact_record_key,high_exact_single_sentence,100,low,,low,likely_reject,identical_text;numeric_only;very_short,10,१०,1,1,10,१०,identical_text;numeric_only;very_short
EPAATH_grade1__math__adding_three_numbers_candidate_00014,EPAATH_grade1__math__adding_three_numbers,grade1/math/adding_three_numbers,1,math,mathematics,overview,n_11,strings/string#id=n_11,exact_record_key,high_exact_single_sentence,100,low,,low,likely_reject,identical_text;numeric_only;very_short,11,११,1,1,11,११,identical_text;numeric_only;very_short
EPAATH_grade1__math__adding_three_numbers_candidate_00015,EPAATH_grade1__math__adding_three_numbers,grade1/math/adding_three_numbers,1,math,mathematics,overview,n_12,strings/string#id=n_12,exact_record_key,high_exact_single_sentence,100,low,,low,likely_reject,identical_text;numeric_only;very_short,12,१२,1,1,12,१२,identical_text;numeric_only;very_short
EPAATH_grade1__math__adding_three_numbers_candidate_00016,EPAATH_grade1__math__adding_three_numbers,grade1/math/adding_three_numbers,1,math,mathematics,overview,n_13,strings/string#id=n_13,exact_record_key,high_exact_single_sentence,100,low,,low,likely_reject,identical_text;numeric_only;very_short,13,१३,1,1,13,१३,identical_text;numeric_only;very_short
EPAATH_grade1__math__adding_three_numbers_candidate_00017,EPAATH_grade1__math__adding_three_numbers,grade1/math/adding_three_numbers,1,math,mathematics,overview,n_14,strings/string#id=n_14,exact_record_key,high_exact_single_sentence,100,low,,low,likely_reject,identical_text;numeric_only;very_short,14,१४,1,1,14,१४,identical_text;numeric_only;very_short
EPAATH_grade1__math__adding_three_numbers_candidate_00018,EPAATH_grade1__math__adding_three_numbers,grade1/math/adding_three_numbers,1,math,mathematics,overview,n_15,strings/string#id=n_15,exact_record_key,high_exact_single_sentence,100,low,,low,likely_reject,identical_text;numeric_only;very_short,15,१५,1,1,15,१५,identical_text;numeric_only;very_short
EPAATH_grade1__math__adding_three_numbers_candidate_00019,EPAATH_grade1__math__adding_three_numbers,grade1/math/adding_three_numbers,1,math,mathematics,overview,n_16,strings/string#id=n_16,exact_record_key,high_exact_single_sentence,100,low,,low,likely_reject,identical_text;numeric_only;very_short,16,१६,1,1,16,१६,identical_text;numeric_only;very_short
EPAATH_grade1__math__adding_three_numbers_candidate_00020,EPAATH_grade1__math__adding_three_numbers,grade1/math/adding_three_numbers,1,math,mathematics,overview,n_17,strings/string#id=n_17,exact_record_key,high_exact_single_sentence,100,low,,low,likely_reject,identical_text;numeric_only;very_short,17,१७,1,1,17,१७,identical_text;numeric_only;very_short
EPAATH_grade1__math__adding_three_numbers_candidate_00021,EPAATH_grade1__math__adding_three_numbers,grade1/math/adding_three_numbers,1,math,mathematics,overview,n_18,strings/string#id=n_18,exact_record_key,high_exact_single_sentence,100,low,,low,likely_reject,identical_text;numeric_only;very_short,18,१८,1,1,18,१८,identical_text;numeric_only;very_short
EPAATH_grade1__math__adding_three_numbers_candidate_00030,EPAATH_grade1__math__adding_three_numbers,grade1/math/adding_three_numbers,1,math,mathematics,page1,p1text8,strings/string#id=p1text8,exact_record_key,high_exact_multi_sentence,100,low,,low,likely_reject,formula_or_symbolic;identical_text;numeric_only,Let’s read aloud! 6 + 5 + 7 = 18,सँगै पढौँ! ६ + ५ + ७ = १८,2,2,6 + 5 + 7 = 18,६ + ५ + ७ = १८,formula_or_symbolic;identical_text;numeric_only
EPAATH_grade1__math__adding_three_numbers_candidate_00043,EPAATH_grade1__math__adding_three_numbers,grade1/math/adding_three_numbers,1,math,mathematics,page3,p3text7,strings/string#id=p3text7,exact_record_key,high_exact_multi_sentence,100,low,,low,likely_reject,formula_or_symbolic;identical_text;numeric_only,Let’s read aloud! 7 + 3 + 6 = 16,सँगै पढौँ! ७ + ३ + ६ = १६,2,2,7 + 3 + 6 = 16,७ + ३ + ६ = १६,formula_or_symbolic;identical_text;numeric_only
EPAATH_grade1__math__adding_upto_hundred_candidate_00004,EPAATH_grade1__math__adding_upto_hundred,grade1/math/adding_upto_hundred,1,math,mathematics,overview,lesson/objective/title,lesson/objective/title,exact_record_key,high_exact_single_sentence,90,low,many_identical_pairs,low,likely_reject,formula_or_symbolic;lesson_metadata,Objectives:,उद्देश्य:,1,1,Objectives:,उद्देश्य:,formula_or_symbolic;lesson_metadata
EPAATH_grade1__math__adding_upto_hundred_candidate_00017,EPAATH_grade1__math__adding_upto_hundred,grade1/math/adding_upto_hundred,1,math,mathematics,overview,exques1_a,strings/string#id=exques1_a,exact_record_key,high_exact_single_sentence,90,low,many_identical_pairs,low,likely_reject,identical_text;numeric_only;very_short,60,६०,1,1,60,६०,identical_text;numeric_only;very_short
EPAATH_grade1__math__adding_upto_hundred_candidate_00018,EPAATH_grade1__math__adding_upto_hundred,grade1/math/adding_upto_hundred,1,math,mathematics,overview,exques1_b,strings/string#id=exques1_b,exact_record_key,high_exact_single_sentence,90,low,many_identical_pairs,low,likely_reject,identical_text;numeric_only;very_short,40,४०,1,1,40,४०,identical_text;numeric_only;very_short
EPAATH_grade1__math__adding_upto_hundred_candidate_00019,EPAATH_grade1__math__adding_upto_hundred,grade1/math/adding_upto_hundred,1,math,mathematics,overview,exques1_opt_a,strings/string#id=exques1_opt_a,exact_record_key,high_exact_single_sentence,90,low,many_identical_pairs,low,likely_reject,identical_text;numeric_only;very_short,100,१००,1,1,100,१००,identical_text;numeric_only;very_short
EPAATH_grade1__math__adding_upto_hundred_candidate_00020,EPAATH_grade1__math__adding_upto_hundred,grade1/math/adding_upto_hundred,1,math,mathematics,overview,exques1_opt_b,strings/string#id=exques1_opt_b,exact_record_key,high_exact_single_sentence,90,low,many_identical_pairs,low,likely_reject,identical_text;numeric_only;very_short,20,२०,1,1,20,२०,identical_text;numeric_only;very_short
EPAATH_grade1__math__adding_upto_hundred_candidate_00021,EPAATH_grade1__math__adding_upto_hundred,grade1/math/adding_upto_hundred,1,math,mathematics,overview,exques1_opt_c,strings/string#id=exques1_opt_c,exact_record_key,high_exact_single_sentence,90,low,many_identical_pairs,low,likely_reject,identical_text;numeric_only;very_short,60,६०,1,1,60,६०,identical_text;numeric_only;very_short
EPAATH_grade1__math__adding_upto_hundred_candidate_00022,EPAATH_grade1__math__adding_upto_hundred,grade1/math/adding_upto_hundred,1,math,mathematics,overview,exques2_a,strings/string#id=exques2_a,exact_record_key,high_exact_single_sentence,90,low,many_identical_pairs,low,likely_reject,identical_text;numeric_only;very_short,20,२०,1,1,20,२०,identical_text;numeric_only;very_short
EPAATH_grade1__math__adding_upto_hundred_candidate_00023,EPAATH_grade1__math__adding_upto_hundred,grade1/math/adding_upto_hundred,1,math,mathematics,overview,exques2_b,strings/string#id=exques2_b,exact_record_key,high_exact_single_sentence,90,low,many_identical_pairs,low,likely_reject,identical_text;numeric_only;very_short,30,३०,1,1,30,३०,identical_text;numeric_only;very_short
EPAATH_grade1__math__adding_upto_hundred_candidate_00024,EPAATH_grade1__math__adding_upto_hundred,grade1/math/adding_upto_hundred,1,math,mathematics,overview,exques2_opt_a,strings/string#id=exques2_opt_a,exact_record_key,high_exact_single_sentence,90,low,many_identical_pairs,low,likely_reject,identical_text;numeric_only;very_short,50,५०,1,1,50,५०,identical_text;numeric_only;very_short
EPAATH_grade1__math__adding_upto_hundred_candidate_00025,EPAATH_grade1__math__adding_upto_hundred,grade1/math/adding_upto_hundred,1,math,mathematics,overview,exques2_opt_b,strings/string#id=exques2_opt_b,exact_record_key,high_exact_single_sentence,90,low,many_identical_pairs,low,likely_reject,identical_text;numeric_only;very_short,60,६०,1,1,60,६०,identical_text;numeric_only;very_short
EPAATH_grade1__math__adding_upto_hundred_candidate_00026,EPAATH_grade1__math__adding_upto_hundred,grade1/math/adding_upto_hundred,1,math,mathematics,overview,exques2_opt_c,strings/string#id=exques2_opt_c,exact_record_key,high_exact_single_sentence,90,low,many_identical_pairs,low,likely_reject,identical_text;numeric_only;very_short,90,९०,1,1,90,९०,identical_text;numeric_only;very_short
EPAATH_grade1__math__adding_upto_hundred_candidate_00027,EPAATH_grade1__math__adding_upto_hundred,grade1/math/adding_upto_hundred,1,math,mathematics,overview,exques3_a,strings/string#id=exques3_a,exact_record_key,high_exact_single_sentence,90,low,many_identical_pairs,low,likely_reject,identical_text;numeric_only;very_short,04,०४,1,1,04,०४,identical_text;numeric_only;very_short
EPAATH_grade1__math__adding_upto_hundred_candidate_00028,EPAATH_grade1__math__adding_upto_hundred,grade1/math/adding_upto_hundred,1,math,mathematics,overview,exques3_b,strings/string#id=exques3_b,exact_record_key,high_exact_single_sentence,90,low,many_identical_pairs,low,likely_reject,identical_text;numeric_only;very_short,72,७२,1,1,72,७२,identical_text;numeric_only;very_short
EPAATH_grade1__math__adding_upto_hundred_candidate_00029,EPAATH_grade1__math__adding_upto_hundred,grade1/math/adding_upto_hundred,1,math,mathematics,overview,exques3_opt_a,strings/string#id=exques3_opt_a,exact_record_key,high_exact_single_sentence,90,low,many_identical_pairs,low,likely_reject,identical_text;numeric_only;very_short,76,७६,1,1,76,७६,identical_text;numeric_only;very_short
EPAATH_grade1__math__adding_upto_hundred_candidate_00030,EPAATH_grade1__math__adding_upto_hundred,grade1/math/adding_upto_hundred,1,math,mathematics,overview,exques3_opt_b,strings/string#id=exques3_opt_b,exact_record_key,high_exact_single_sentence,90,low,many_identical_pairs,low,likely_reject,identical_text;numeric_only;very_short,70,७०,1,1,70,७०,identical_text;numeric_only;very_short
EPAATH_grade1__math__adding_upto_hundred_candidate_00031,EPAATH_grade1__math__adding_upto_hundred,grade1/math/adding_upto_hundred,1,math,mathematics,overview,exques3_opt_c,strings/string#id=exques3_opt_c,exact_record_key,high_exact_single_sentence,90,low,many_identical_pairs,low,likely_reject,identical_text;numeric_only;very_short,46,४६,1,1,46,४६,identical_text;numeric_only;very_short
EPAATH_grade1__math__adding_upto_hundred_candidate_00032,EPAATH_grade1__math__adding_upto_hundred,grade1/math/adding_upto_hundred,1,math,mathematics,overview,exques4_a,strings/string#id=exques4_a,exact_record_key,high_exact_single_sentence,90,low,many_identical_pairs,low,likely_reject,identical_text;numeric_only;very_short,26,२६,1,1,26,२६,identical_text;numeric_only;very_short
EPAATH_grade1__math__adding_upto_hundred_candidate_00033,EPAATH_grade1__math__adding_upto_hundred,grade1/math/adding_upto_hundred,1,math,mathematics,overview,exques4_b,strings/string#id=exques4_b,exact_record_key,high_exact_single_sentence,90,low,many_identical_pairs,low,likely_reject,identical_text;numeric_only;very_short,02,०२,1,1,02,०२,identical_text;numeric_only;very_short
EPAATH_grade1__math__adding_upto_hundred_candidate_00034,EPAATH_grade1__math__adding_upto_hundred,grade1/math/adding_upto_hundred,1,math,mathematics,overview,exques4_opt_a,strings/string#id=exques4_opt_a,exact_record_key,high_exact_single_sentence,90,low,many_identical_pairs,low,likely_reject,identical_text;numeric_only;very_short,28,२८,1,1,28,२८,identical_text;numeric_only;very_short
EPAATH_grade1__math__adding_upto_hundred_candidate_00035,EPAATH_grade1__math__adding_upto_hundred,grade1/math/adding_upto_hundred,1,math,mathematics,overview,exques4_opt_b,strings/string#id=exques4_opt_b,exact_record_key,high_exact_single_sentence,90,low,many_identical_pairs,low,likely_reject,identical_text;numeric_only;very_short,24,२४,1,1,24,२४,identical_text;numeric_only;very_short
EPAATH_grade1__math__adding_upto_hundred_candidate_00036,EPAATH_grade1__math__adding_upto_hundred,grade1/math/adding_upto_hundred,1,math,mathematics,overview,exques4_opt_c,strings/string#id=exques4_opt_c,exact_record_key,high_exact_single_sentence,90,low,many_identical_pairs,low,likely_reject,identical_text;numeric_only;very_short,48,४८,1,1,48,४८,identical_text;numeric_only;very_short
EPAATH_grade1__math__adding_upto_hundred_candidate_00037,EPAATH_grade1__math__adding_upto_hundred,grade1/math/adding_upto_hundred,1,math,mathematics,overview,exques5_a,strings/string#id=exques5_a,exact_record_key,high_exact_single_sentence,90,low,many_identical_pairs,low,likely_reject,identical_text;numeric_only;very_short,16,१६,1,1,16,१६,identical_text;numeric_only;very_short
EPAATH_grade1__math__adding_upto_hundred_candidate_00038,EPAATH_grade1__math__adding_upto_hundred,grade1/math/adding_upto_hundred,1,math,mathematics,overview,exques5_b,strings/string#id=exques5_b,exact_record_key,high_exact_single_sentence,90,low,many_identical_pairs,low,likely_reject,identical_text;numeric_only;very_short,23,२३,1,1,23,२३,identical_text;numeric_only;very_short
EPAATH_grade1__math__adding_upto_hundred_candidate_00039,EPAATH_grade1__math__adding_upto_hundred,grade1/math/adding_upto_hundred,1,math,mathematics,overview,exques5_opt_a,strings/string#id=exques5_opt_a,exact_record_key,high_exact_single_sentence,90,low,many_identical_pairs,low,likely_reject,identical_text;numeric_only;very_short,39,३९,1,1,39,३९,identical_text;numeric_only;very_short
EPAATH_grade1__math__adding_upto_hundred_candidate_00040,EPAATH_grade1__math__adding_upto_hundred,grade1/math/adding_upto_hundred,1,math,mathematics,overview,exques5_opt_b,strings/string#id=exques5_opt_b,exact_record_key,high_exact_single_sentence,90,low,many_identical_pairs,low,likely_reject,identical_text;numeric_only;very_short,36,३६,1,1,36,३६,identical_text;numeric_only;very_short
EPAATH_grade1__math__adding_upto_hundred_candidate_00041,EPAATH_grade1__math__adding_upto_hundred,grade1/math/adding_upto_hundred,1,math,mathematics,overview,exques5_opt_c,strings/string#id=exques5_opt_c,exact_record_key,high_exact_single_sentence,90,low,many_identical_pairs,low,likely_reject,identical_text;numeric_only;very_short,79,७९,1,1,79,७९,identical_text;numeric_only;very_short
EPAATH_grade1__math__adding_upto_hundred_candidate_00042,EPAATH_grade1__math__adding_upto_hundred,grade1/math/adding_upto_hundred,1,math,mathematics,overview,exques6_a,strings/string#id=exques6_a,exact_record_key,high_exact_single_sentence,90,low,many_identical_pairs,low,likely_reject,identical_text;numeric_only;very_short,42,४२,1,1,42,४२,identical_text;numeric_only;very_short
EPAATH_grade1__math__adding_upto_hundred_candidate_00043,EPAATH_grade1__math__adding_upto_hundred,grade1/math/adding_upto_hundred,1,math,mathematics,overview,exques6_b,strings/string#id=exques6_b,exact_record_key,high_exact_single_sentence,90,low,many_identical_pairs,low,likely_reject,identical_text;numeric_only;very_short,36,३६,1,1,36,३६,identical_text;numeric_only;very_short
EPAATH_grade1__math__adding_upto_hundred_candidate_00044,EPAATH_grade1__math__adding_upto_hundred,grade1/math/adding_upto_hundred,1,math,mathematics,overview,exques6_opt_a,strings/string#id=exques6_opt_a,exact_record_key,high_exact_single_sentence,90,low,many_identical_pairs,low,likely_reject,identical_text;numeric_only;very_short,78,७८,1,1,78,७८,identical_text;numeric_only;very_short
EPAATH_grade1__math__adding_upto_hundred_candidate_00045,EPAATH_grade1__math__adding_upto_hundred,grade1/math/adding_upto_hundred,1,math,mathematics,overview,exques6_opt_b,strings/string#id=exques6_opt_b,exact_record_key,high_exact_single_sentence,90,low,many_identical_pairs,low,likely_reject,identical_text;numeric_only;very_short,74,७४,1,1,74,७४,identical_text;numeric_only;very_short
EPAATH_grade1__math__adding_upto_hundred_candidate_00046,EPAATH_grade1__math__adding_upto_hundred,grade1/math/adding_upto_hundred,1,math,mathematics,overview,exques6_opt_c,strings/string#id=exques6_opt_c,exact_record_key,high_exact_single_sentence,90,low,many_identical_pairs,low,likely_reject,identical_text;numeric_only;very_short,28,२८,1,1,28,२८,identical_text;numeric_only;very_short
EPAATH_grade1__math__adding_upto_hundred_candidate_00064,EPAATH_grade1__math__adding_upto_hundred,grade1/math/adding_upto_hundred,1,math,mathematics,page1,p1text4_a,strings/string#id=p1text4_a,exact_record_key,high_exact_single_sentence,90,low,many_identical_pairs,low,likely_reject,identical_text;numeric_only;very_short,30,३०,1,1,30,३०,identical_text;numeric_only;very_short
EPAATH_grade1__math__adding_upto_hundred_candidate_00065,EPAATH_grade1__math__adding_upto_hundred,grade1/math/adding_upto_hundred,1,math,mathematics,page1,p1text4_b,strings/string#id=p1text4_b,exact_record_key,high_exact_single_sentence,90,low,many_identical_pairs,low,likely_reject,identical_text;numeric_only;very_short,40,४०,1,1,40,४०,identical_text;numeric_only;very_short
EPAATH_grade1__math__adding_upto_hundred_candidate_00066,EPAATH_grade1__math__adding_upto_hundred,grade1/math/adding_upto_hundred,1,math,mathematics,page1,p1text4_opt_a,strings/string#id=p1text4_opt_a,exact_record_key,high_exact_single_sentence,90,low,many_identical_pairs,low,likely_reject,identical_text;numeric_only;very_short,20,२०,1,1,20,२०,identical_text;numeric_only;very_short
EPAATH_grade1__math__adding_upto_hundred_candidate_00067,EPAATH_grade1__math__adding_upto_hundred,grade1/math/adding_upto_hundred,1,math,mathematics,page1,p1text4_opt_b,strings/string#id=p1text4_opt_b,exact_record_key,high_exact_single_sentence,90,low,many_identical_pairs,low,likely_reject,identical_text;numeric_only;very_short,70,७०,1,1,70,७०,identical_text;numeric_only;very_short
EPAATH_grade1__math__adding_upto_hundred_candidate_00068,EPAATH_grade1__math__adding_upto_hundred,grade1/math/adding_upto_hundred,1,math,mathematics,page1,p1text4_opt_c,strings/string#id=p1text4_opt_c,exact_record_key,high_exact_single_sentence,90,low,many_identical_pairs,low,likely_reject,identical_text;numeric_only;very_short,80,८०,1,1,80,८०,identical_text;numeric_only;very_short
EPAATH_grade1__math__adding_upto_hundred_candidate_00069,EPAATH_grade1__math__adding_upto_hundred,grade1/math/adding_upto_hundred,1,math,mathematics,page1,p1text5,strings/string#id=p1text5,exact_record_key,high_exact_single_sentence,90,low,many_identical_pairs,low,likely_reject,formula_or_symbolic,"First, 0+0=0","सुरुमा, ० + ० = ० हुन्छ।",1,1,"First, 0+0=0","सुरुमा, ० + ० = ० हुन्छ।",formula_or_symbolic
EPAATH_grade1__math__adding_upto_hundred_candidate_00070,EPAATH_grade1__math__adding_upto_hundred,grade1/math/adding_upto_hundred,1,math,mathematics,page1,p1text6,strings/string#id=p1text6,exact_record_key,high_exact_single_sentence,90,low,many_identical_pairs,low,likely_reject,formula_or_symbolic,"And then, 3+4=7","त्यसपछि, ३ + ४ = ७ हुन्छ।",1,1,"And then, 3+4=7","त्यसपछि, ३ + ४ = ७ हुन्छ।",formula_or_symbolic
EPAATH_grade1__math__adding_upto_hundred_candidate_00076,EPAATH_grade1__math__adding_upto_hundred,grade1/math/adding_upto_hundred,1,math,mathematics,page2,p2text4_a,strings/string#id=p2text4_a,exact_record_key,high_exact_single_sentence,90,low,many_identical_pairs,low,likely_reject,identical_text;numeric_only;very_short,25,२५,1,1,25,२५,identical_text;numeric_only;very_short
EPAATH_grade1__math__adding_upto_hundred_candidate_00077,EPAATH_grade1__math__adding_upto_hundred,grade1/math/adding_upto_hundred,1,math,mathematics,page2,p2text4_b,strings/string#id=p2text4_b,exact_record_key,high_exact_single_sentence,90,low,many_identical_pairs,low,likely_reject,identical_text;numeric_only;very_short,33,३३,1,1,33,३३,identical_text;numeric_only;very_short
EPAATH_grade1__math__adding_upto_hundred_candidate_00078,EPAATH_grade1__math__adding_upto_hundred,grade1/math/adding_upto_hundred,1,math,mathematics,page2,p2text4_opt_a,strings/string#id=p2text4_opt_a,exact_record_key,high_exact_single_sentence,90,low,many_identical_pairs,low,likely_reject,identical_text;numeric_only;very_short,51,५१,1,1,51,५१,identical_text;numeric_only;very_short
EPAATH_grade1__math__adding_upto_hundred_candidate_00079,EPAATH_grade1__math__adding_upto_hundred,grade1/math/adding_upto_hundred,1,math,mathematics,page2,p2text4_opt_b,strings/string#id=p2text4_opt_b,exact_record_key,high_exact_single_sentence,90,low,many_identical_pairs,low,likely_reject,identical_text;numeric_only;very_short,58,५८,1,1,58,५८,identical_text;numeric_only;very_short
EPAATH_grade1__math__adding_upto_hundred_candidate_00080,EPAATH_grade1__math__adding_upto_hundred,grade1/math/adding_upto_hundred,1,math,mathematics,page2,p2text4_opt_c,strings/string#id=p2text4_opt_c,exact_record_key,high_exact_single_sentence,90,low,many_identical_pairs,low,likely_reject,identical_text;numeric_only;very_short,78,७८,1,1,78,७८,identical_text;numeric_only;very_short
EPAATH_grade1__math__adding_upto_hundred_candidate_00081,EPAATH_grade1__math__adding_upto_hundred,grade1/math/adding_upto_hundred,1,math,mathematics,page2,p2text5,strings/string#id=p2text5,exact_record_key,high_exact_single_sentence,90,low,many_identical_pairs,low,likely_reject,formula_or_symbolic,"First, 5+3=8","सुरुमा, ५ + ३ = ८ हुन्छ।",1,1,"First, 5+3=8","सुरुमा, ५ + ३ = ८ हुन्छ।",formula_or_symbolic
EPAATH_grade1__math__adding_upto_hundred_candidate_00082,EPAATH_grade1__math__adding_upto_hundred,grade1/math/adding_upto_hundred,1,math,mathematics,page2,p2text6,strings/string#id=p2text6,exact_record_key,high_exact_single_sentence,90,low,many_identical_pairs,low,likely_reject,formula_or_symbolic,"And then, 2+3=5","त्यसपछि, २ + ३ = ५ हुन्छ।",1,1,"And then, 2+3=5","त्यसपछि, २ + ३ = ५ हुन्छ।",formula_or_symbolic
EPAATH_grade1__math__adding_upto_hundred_candidate_00085,EPAATH_grade1__math__adding_upto_hundred,grade1/math/adding_upto_hundred,1,math,mathematics,page3,p3text2,strings/string#id=p3text2,exact_record_key,high_exact_single_sentence,90,low,many_identical_pairs,low,likely_reject,formula_or_symbolic,How much is 4 + 12 ?,४ + १२ कति हुन्छ?,1,1,How much is 4 + 12 ?,४ + १२ कति हुन्छ?,formula_or_symbolic
EPAATH_grade1__math__adding_upto_hundred_candidate_00086,EPAATH_grade1__math__adding_upto_hundred,grade1/math/adding_upto_hundred,1,math,mathematics,page3,p3text2_a,strings/string#id=p3text2_a,exact_record_key,high_exact_single_sentence,90,low,many_identical_pairs,low,likely_reject,identical_text;numeric_only;very_short,04,०४,1,1,04,०४,identical_text;numeric_only;very_short
EPAATH_grade1__math__adding_upto_hundred_candidate_00087,EPAATH_grade1__math__adding_upto_hundred,grade1/math/adding_upto_hundred,1,math,mathematics,page3,p3text2_ans_a,strings/string#id=p3text2_ans_a,exact_record_key,high_exact_single_sentence,90,low,many_identical_pairs,low,likely_reject,formula_or_symbolic,"First, 4+2=6.","सुरुमा, ४ + २ = ६ हुन्छ।",1,1,"First, 4+2=6.","सुरुमा, ४ + २ = ६ हुन्छ।",formula_or_symbolic
EPAATH_grade1__math__adding_upto_hundred_candidate_00088,EPAATH_grade1__math__adding_upto_hundred,grade1/math/adding_upto_hundred,1,math,mathematics,page3,p3text2_ans_b,strings/string#id=p3text2_ans_b,exact_record_key,high_exact_single_sentence,90,low,many_identical_pairs,low,likely_reject,formula_or_symbolic,"And then, 0+1=1","त्यसपछि, ० + १ = १ हुन्छ।",1,1,"And then, 0+1=1","त्यसपछि, ० + १ = १ हुन्छ।",formula_or_symbolic
EPAATH_grade1__math__adding_upto_hundred_candidate_00089,EPAATH_grade1__math__adding_upto_hundred,grade1/math/adding_upto_hundred,1,math,mathematics,page3,p3text2_b,strings/string#id=p3text2_b,exact_record_key,high_exact_single_sentence,90,low,many_identical_pairs,low,likely_reject,identical_text;numeric_only;very_short,12,१२,1,1,12,१२,identical_text;numeric_only;very_short
EPAATH_grade1__math__adding_upto_hundred_candidate_00090,EPAATH_grade1__math__adding_upto_hundred,grade1/math/adding_upto_hundred,1,math,mathematics,page3,p3text2_opt_a,strings/string#id=p3text2_opt_a,exact_record_key,high_exact_single_sentence,90,low,many_identical_pairs,low,likely_reject,identical_text;numeric_only;very_short,13,१३,1,1,13,१३,identical_text;numeric_only;very_short
EPAATH_grade1__math__adding_upto_hundred_candidate_00091,EPAATH_grade1__math__adding_upto_hundred,grade1/math/adding_upto_hundred,1,math,mathematics,page3,p3text2_opt_b,strings/string#id=p3text2_opt_b,exact_record_key,high_exact_single_sentence,90,low,many_identical_pairs,low,likely_reject,identical_text;numeric_only;very_short,16,१६,1,1,16,१६,identical_text;numeric_only;very_short
EPAATH_grade1__math__adding_upto_hundred_candidate_00092,EPAATH_grade1__math__adding_upto_hundred,grade1/math/adding_upto_hundred,1,math,mathematics,page3,p3text2_opt_c,strings/string#id=p3text2_opt_c,exact_record_key,high_exact_single_sentence,90,low,many_identical_pairs,low,likely_reject,identical_text;numeric_only;very_short,56,५६,1,1,56,५६,identical_text;numeric_only;very_short
EPAATH_grade1__math__adding_upto_hundred_candidate_00093,EPAATH_grade1__math__adding_upto_hundred,grade1/math/adding_upto_hundred,1,math,mathematics,page3,p3text3,strings/string#id=p3text3,exact_record_key,high_exact_single_sentence,90,low,many_identical_pairs,low,likely_reject,formula_or_symbolic,How much is 72 + 3 ?,७२ + ३ कति हुन्छ?,1,1,How much is 72 + 3 ?,७२ + ३ कति हुन्छ?,formula_or_symbolic
EPAATH_grade1__math__adding_upto_hundred_candidate_00094,EPAATH_grade1__math__adding_upto_hundred,grade1/math/adding_upto_hundred,1,math,mathematics,page3,p3text3_ans_a,strings/string#id=p3text3_ans_a,exact_record_key,high_exact_single_sentence,90,low,many_identical_pairs,low,likely_reject,formula_or_symbolic,"First, 2+3=5.","सुरुमा, २ + ३ = ५ हुन्छ।",1,1,"First, 2+3=5.","सुरुमा, २ + ३ = ५ हुन्छ।",formula_or_symbolic
EPAATH_grade1__math__adding_upto_hundred_candidate_00095,EPAATH_grade1__math__adding_upto_hundred,grade1/math/adding_upto_hundred,1,math,mathematics,page3,p3text3_ans_b,strings/string#id=p3text3_ans_b,exact_record_key,high_exact_single_sentence,90,low,many_identical_pairs,low,likely_reject,formula_or_symbolic,"And then, 7+0=7","त्यसपछि, ७ + ० = ७ हुन्छ।",1,1,"And then, 7+0=7","त्यसपछि, ७ + ० = ७ हुन्छ।",formula_or_symbolic
EPAATH_grade1__math__adding_upto_hundred_candidate_00096,EPAATH_grade1__math__adding_upto_hundred,grade1/math/adding_upto_hundred,1,math,mathematics,page3,p3text3_opt_a,strings/string#id=p3text3_opt_a,exact_record_key,high_exact_single_sentence,90,low,many_identical_pairs,low,likely_reject,identical_text;numeric_only;very_short,45,४५,1,1,45,४५,identical_text;numeric_only;very_short
EPAATH_grade1__math__adding_upto_hundred_candidate_00097,EPAATH_grade1__math__adding_upto_hundred,grade1/math/adding_upto_hundred,1,math,mathematics,page3,p3text3_opt_b,strings/string#id=p3text3_opt_b,exact_record_key,high_exact_single_sentence,90,low,many_identical_pairs,low,likely_reject,identical_text;numeric_only;very_short,75,७५,1,1,75,७५,identical_text;numeric_only;very_short
EPAATH_grade1__math__adding_upto_hundred_candidate_00098,EPAATH_grade1__math__adding_upto_hundred,grade1/math/adding_upto_hundred,1,math,mathematics,page3,p3text3_opt_c,strings/string#id=p3text3_opt_c,exact_record_key,high_exact_single_sentence,90,low,many_identical_pairs,low,likely_reject,identical_text;numeric_only;very_short,78,७८,1,1,78,७८,identical_text;numeric_only;very_short
EPAATH_grade1__math__adding_upto_hundred_candidate_00099,EPAATH_grade1__math__adding_upto_hundred,grade1/math/adding_upto_hundred,1,math,mathematics,page3,p3text4_a,strings/string#id=p3text4_a,exact_record_key,high_exact_single_sentence,90,low,many_identical_pairs,low,likely_reject,identical_text;numeric_only;very_short,72,७२,1,1,72,७२,identical_text;numeric_only;very_short
EPAATH_grade1__math__adding_upto_hundred_candidate_00100,EPAATH_grade1__math__adding_upto_hundred,grade1/math/adding_upto_hundred,1,math,mathematics,page3,p3text4_b,strings/string#id=p3text4_b,exact_record_key,high_exact_single_sentence,90,low,many_identical_pairs,low,likely_reject,identical_text;numeric_only;very_short,03,०३,1,1,03,०३,identical_text;numeric_only;very_short
EPAATH_grade5__math__fractions_candidate_00005,EPAATH_grade5__math__fractions,grade5/math/fractions,5,math,mathematics,overview,lesson/objective/title,lesson/objective/title,exact_record_key,high_exact_single_sentence,90,low,many_identical_pairs,low,likely_reject,formula_or_symbolic;lesson_metadata,Objective:,उदेश्य:,1,1,Objective:,उदेश्य:,formula_or_symbolic;lesson_metadata
EPAATH_grade5__math__fractions_candidate_00007,EPAATH_grade5__math__fractions,grade5/math/fractions,5,math,mathematics,overview,lesson/topic,lesson/topic,exact_record_key,high_exact_single_sentence,90,low,many_identical_pairs,low,likely_reject,formula_or_symbolic;lesson_metadata,Arithmetics-EN,अंक गणित-ने,1,1,Arithmetics-EN,अंक गणित-ने,formula_or_symbolic;lesson_metadata
EPAATH_grade5__math__fractions_candidate_00008,EPAATH_grade5__math__fractions,grade5/math/fractions,5,math,mathematics,exercise,format1,strings/string#id=format1,exact_record_key,high_exact_single_sentence,90,low,many_identical_pairs,low,likely_reject,formula_or_symbolic,Product = a x :: b _/_ c ;; =,गुणनफल = a x :: b _/_ c ;; =,1,1,Product = a x :: b _/_ c ;; =,गुणनफल = a x :: b _/_ c ;; =,formula_or_symbolic
EPAATH_grade5__math__fractions_candidate_00009,EPAATH_grade5__math__fractions,grade5/math/fractions,5,math,mathematics,exercise,format2,strings/string#id=format2,exact_record_key,high_exact_single_sentence,90,low,many_identical_pairs,low,likely_reject,formula_or_symbolic,Product = :: a _/_ b ;; x :: c _/_ d ;; =,गुणनफल = :: a _/_ b ;; x :: c _/_ d ;; =,1,1,Product = :: a _/_ b ;; x :: c _/_ d ;; =,गुणनफल = :: a _/_ b ;; x :: c _/_ d ;; =,formula_or_symbolic
EPAATH_grade5__math__fractions_candidate_00010,EPAATH_grade5__math__fractions,grade5/math/fractions,5,math,mathematics,exercise,hint,strings/string#id=hint,exact_record_key,high_exact_single_sentence,90,low,many_identical_pairs,low,likely_reject,formula_or_symbolic,"Hint: ::
 a ×
 b _/_
 c ;;","सुझाव: ::
 a ×
 b _/_
 c ;;",1,1,"Hint: ::
 a ×
 b _/_
 c ;;","सुझाव: ::
 a ×
 b _/_
 c ;;",formula_or_symbolic
EPAATH_grade5__math__fractions_candidate_00011,EPAATH_grade5__math__fractions,grade5/math/fractions,5,math,mathematics,global,next_1,strings/string#id=next_1,exact_record_key,low_shared_text,90,low,many_identical_pairs,low,likely_reject,global_ui;identical_text;latin_only_nepali,Go to the next page,Go to the next page,1,1,Go to the next page,Go to the next page,global_ui;identical_text;latin_only_nepali
EPAATH_grade5__math__fractions_candidate_00012,EPAATH_grade5__math__fractions,grade5/math/fractions,5,math,mathematics,global,next_2,strings/string#id=next_2,exact_record_key,low_shared_text,90,low,many_identical_pairs,low,likely_reject,global_ui;identical_text;latin_only_nepali,Go to another section,Go to another section,1,1,Go to another section,Go to another section,global_ui;identical_text;latin_only_nepali
EPAATH_grade5__math__fractions_candidate_00014,EPAATH_grade5__math__fractions,grade5/math/fractions,5,math,mathematics,page1,p1text10,strings/string#id=p1text10,exact_record_key,low_shared_text,90,low,many_identical_pairs,low,likely_reject,formula_or_symbolic;identical_text;numeric_only,::5_/_3;; = ::#3@ + 2_/_#3@;; = ::#3@_/_#3@;; + ::2_/_#3@;;,::5_/_3;; = ::#3@ + 2_/_#3@;; = ::#3@_/_#3@;; + ::2_/_#3@;;,1,1,::5_/_3;; = ::#3@ + 2_/_#3@;; = ::#3@_/_#3@;; + ::2_/_#3@;;,::5_/_3;; = ::#3@ + 2_/_#3@;; = ::#3@_/_#3@;; + ::2_/_#3@;;,formula_or_symbolic;identical_text;numeric_only
EPAATH_grade5__math__fractions_candidate_00015,EPAATH_grade5__math__fractions,grade5/math/fractions,5,math,mathematics,page1,p1text11,strings/string#id=p1text11,exact_record_key,low_shared_text,90,low,many_identical_pairs,low,likely_reject,formula_or_symbolic;identical_text;numeric_only,::5_/_3;; = ::3 + 2_/_3;; = ::#3@_/_#3@;; + ::2_/_#3@;; = #1@ + ::2_/_#3@;;,::5_/_3;; = ::3 + 2_/_3;; = ::#3@_/_#3@;; + ::2_/_#3@;; = #1@ + ::2_/_#3@;;,1,1,::5_/_3;; = ::3 + 2_/_3;; = ::#3@_/_#3@;; + ::2_/_#3@;; = #1@ + ::2_/_#3@;;,::5_/_3;; = ::3 + 2_/_3;; = ::#3@_/_#3@;; + ::2_/_#3@;; = #1@ + ::2_/_#3@;;,formula_or_symbolic;identical_text;numeric_only
EPAATH_grade5__math__fractions_candidate_00016,EPAATH_grade5__math__fractions,grade5/math/fractions,5,math,mathematics,page1,p1text12,strings/string#id=p1text12,exact_record_key,low_shared_text,90,low,many_identical_pairs,low,likely_reject,formula_or_symbolic;identical_text;numeric_only,::5_/_3;; = ::3 + 2_/_3;; = ::3_/_3;; + ::2_/_3;; = #1@ + ::2_/_#3@;; = #1@::2_/_#3@;;,::5_/_3;; = ::3 + 2_/_3;; = ::3_/_3;; + ::2_/_3;; = #1@ + ::2_/_#3@;; = #1@::2_/_#3@;;,1,1,::5_/_3;; = ::3 + 2_/_3;; = ::3_/_3;; + ::2_/_3;; = #1@ + ::2_/_#3@;; = #1@::2_/_#3@;;,::5_/_3;; = ::3 + 2_/_3;; = ::3_/_3;; + ::2_/_3;; = #1@ + ::2_/_#3@;; = #1@::2_/_#3@;;,formula_or_symbolic;identical_text;numeric_only
EPAATH_grade5__math__fractions_candidate_00017,EPAATH_grade5__math__fractions,grade5/math/fractions,5,math,mathematics,page1,p1text13,strings/string#id=p1text13,exact_record_key,high_exact_single_sentence,90,low,many_identical_pairs,low,likely_reject,formula_or_symbolic,::5_/_3;; also means 5 ÷ 3:,::5_/_3;; अथवा 5 ÷ 3:,1,1,::5_/_3;; also means 5 ÷ 3:,::5_/_3;; अथवा 5 ÷ 3:,formula_or_symbolic
EPAATH_grade5__math__fractions_candidate_00018,EPAATH_grade5__math__fractions,grade5/math/fractions,5,math,mathematics,page1,p1text14,strings/string#id=p1text14,exact_record_key,high_exact_single_sentence,90,low,many_identical_pairs,low,likely_reject,formula_or_symbolic,Let us multiply ::1_/_3;; with 14.,अब हामी 14 लाई ::1_/_3;; सँग गुणन गरी हेरौँ।,1,1,Let us multiply ::1_/_3;; with 14.,अब हामी 14 लाई ::1_/_3;; सँग गुणन गरी हेरौँ।,formula_or_symbolic
EPAATH_grade5__math__fractions_candidate_00019,EPAATH_grade5__math__fractions,grade5/math/fractions,5,math,mathematics,page1,p1text15,strings/string#id=p1text15,exact_record_key,low_shared_text,90,low,many_identical_pairs,low,likely_reject,formula_or_symbolic;identical_text;numeric_only,14 × ::1_/_3;; = ::1 × 14_/_3;; = ::14_/_3;; = ::3 + 3 + 3 + 3 + 2_/_3;; =,14 × ::1_/_3;; = ::1 × 14_/_3;; = ::14_/_3;; = ::3 + 3 + 3 + 3 + 2_/_3;; =,1,1,14 × ::1_/_3;; = ::1 × 14_/_3;; = ::14_/_3;; = ::3 + 3 + 3 + 3 + 2_/_3;; =,14 × ::1_/_3;; = ::1 × 14_/_3;; = ::14_/_3;; = ::3 + 3 + 3 + 3 + 2_/_3;; =,formula_or_symbolic;identical_text;numeric_only
EPAATH_grade5__math__fractions_candidate_00020,EPAATH_grade5__math__fractions,grade5/math/fractions,5,math,mathematics,page1,p1text16,strings/string#id=p1text16,exact_record_key,low_shared_text,90,low,many_identical_pairs,low,likely_reject,formula_or_symbolic;identical_text;numeric_only,::5_/_3;;,::5_/_3;;,1,1,::5_/_3;;,::5_/_3;;,formula_or_symbolic;identical_text;numeric_only
EPAATH_grade5__math__fractions_candidate_00021,EPAATH_grade5__math__fractions,grade5/math/fractions,5,math,mathematics,page1,p1text2,strings/string#id=p1text2,exact_record_key,high_exact_single_sentence,90,low,many_identical_pairs,low,likely_reject,formula_or_symbolic,Let us find half of 18 or the result of multiplying ::1_/_2;; with 18.,अब हामी 18 को आधा #अथवा@ 18 लाई ::1_/_2;; सँग गुणन गर्दा कति हुँदो रहेछ #हेरौँ@।,1,1,Let us find half of 18 or the result of multiplying ::1_/_2;; with 18.,अब हामी 18 को आधा #अथवा@ 18 लाई ::1_/_2;; सँग गुणन गर्दा कति हुँदो रहेछ #हेरौँ@।,formula_or_symbolic
EPAATH_grade5__math__fractions_candidate_00022,EPAATH_grade5__math__fractions,grade5/math/fractions,5,math,mathematics,page1,p1text3,strings/string#id=p1text3,exact_record_key,low_shared_text,90,low,many_identical_pairs,low,likely_reject,formula_or_symbolic;identical_text;numeric_only,18 × ::1_/_2;; = ::1 × 18_/_2;; = ::18_/_2;; =,18 × ::1_/_2;; = ::1 × 18_/_2;; = ::18_/_2;; =,1,1,18 × ::1_/_2;; = ::1 × 18_/_2;; = ::18_/_2;; =,18 × ::1_/_2;; = ::1 × 18_/_2;; = ::18_/_2;; =,formula_or_symbolic;identical_text;numeric_only
EPAATH_grade5__math__fractions_candidate_00023,EPAATH_grade5__math__fractions,grade5/math/fractions,5,math,mathematics,page1,p1text4,strings/string#id=p1text4,exact_record_key,high_exact_single_sentence,90,low,many_identical_pairs,low,likely_reject,formula_or_symbolic,"Now, let us find one third of 18 or the result of multiplying ::1_/_3;; with 18.",अब हामी 18 को एक तिहाइ अथवा 18 लाई ::1_/_3;; सँग गुणन गर्दा कति हुँदो रहेछ हेरौँ।,1,1,"Now, let us find one third of 18 or the result of multiplying ::1_/_3;; with 18.",अब हामी 18 को एक तिहाइ अथवा 18 लाई ::1_/_3;; सँग गुणन गर्दा कति हुँदो रहेछ हेरौँ।,formula_or_symbolic
EPAATH_grade5__math__fractions_candidate_00024,EPAATH_grade5__math__fractions,grade5/math/fractions,5,math,mathematics,page1,p1text5,strings/string#id=p1text5,exact_record_key,low_shared_text,90,low,many_identical_pairs,low,likely_reject,formula_or_symbolic;identical_text;numeric_only,18 × ::1_/_3;; = ::1 × 18_/_3;; = ::18_/_3;; =,18 × ::1_/_3;; = ::1 × 18_/_3;; = ::18_/_3;; =,1,1,18 × ::1_/_3;; = ::1 × 18_/_3;; = ::18_/_3;; =,18 × ::1_/_3;; = ::1 × 18_/_3;; = ::18_/_3;; =,formula_or_symbolic;identical_text;numeric_only
EPAATH_grade5__math__fractions_candidate_00026,EPAATH_grade5__math__fractions,grade5/math/fractions,5,math,mathematics,page1,p1text7,strings/string#id=p1text7,exact_record_key,low_shared_text,90,low,many_identical_pairs,low,likely_reject,formula_or_symbolic;identical_text;numeric_only,5 × ::1_/_3;; = ::5 × 1_/_3;; = ::5_/_3;;,5 × ::1_/_3;; = ::5 × 1_/_3;; = ::5_/_3;;,1,1,5 × ::1_/_3;; = ::5 × 1_/_3;; = ::5_/_3;;,5 × ::1_/_3;; = ::5 × 1_/_3;; = ::5_/_3;;,formula_or_symbolic;identical_text;numeric_only
EPAATH_grade5__math__fractions_candidate_00028,EPAATH_grade5__math__fractions,grade5/math/fractions,5,math,mathematics,page1,p1text9,strings/string#id=p1text9,exact_record_key,low_shared_text,90,low,many_identical_pairs,low,likely_reject,formula_or_symbolic;identical_text;numeric_only,::5_/_#3@;; = ::#3@ + 2_/_#3@;;,::5_/_#3@;; = ::#3@ + 2_/_#3@;;,1,1,::5_/_#3@;; = ::#3@ + 2_/_#3@;;,::5_/_#3@;; = ::#3@ + 2_/_#3@;;,formula_or_symbolic;identical_text;numeric_only
EPAATH_grade5__math__fractions_candidate_00029,EPAATH_grade5__math__fractions,grade5/math/fractions,5,math,mathematics,page2,p2text1,strings/string#id=p2text1,exact_record_key,high_exact_single_sentence,90,low,many_identical_pairs,low,likely_reject,formula_or_symbolic,Enter a natural number:,प्राकृतिक सङ्ख्या राख:,1,1,Enter a natural number:,प्राकृतिक सङ्ख्या राख:,formula_or_symbolic
EPAATH_grade5__math__fractions_candidate_00031,EPAATH_grade5__math__fractions,grade5/math/fractions,5,math,mathematics,page2,p2text3,strings/string#id=p2text3,exact_record_key,high_exact_single_sentence,90,low,many_identical_pairs,low,likely_reject,formula_or_symbolic,Product = a x :: b _/_ c ;; =,गुणनफल = a x :: b _/_ c ;; =,1,1,Product = a x :: b _/_ c ;; =,गुणनफल = a x :: b _/_ c ;; =,formula_or_symbolic
EPAATH_grade5__math__fractions_candidate_00032,EPAATH_grade5__math__fractions,grade5/math/fractions,5,math,mathematics,page2,p2text4,strings/string#id=p2text4,exact_record_key,high_exact_single_sentence,90,low,many_identical_pairs,low,likely_reject,formula_or_symbolic,Product = a x :: b _/_ c ;; = ::# b @_/_# c @;; =,गुणनफल = a x :: b _/_ c ;; = ::# b @_/_# c @;; =,1,1,Product = a x :: b _/_ c ;; = ::# b @_/_# c @;; =,गुणनफल = a x :: b _/_ c ;; = ::# b @_/_# c @;; =,formula_or_symbolic
EPAATH_grade5__math__fractions_candidate_00033,EPAATH_grade5__math__fractions,grade5/math/fractions,5,math,mathematics,page2,p2text5,strings/string#id=p2text5,exact_record_key,low_shared_text,90,low,many_identical_pairs,low,likely_reject,formula_or_symbolic;identical_text;latin_only_nepali,:: a × b _/_ c ;;,:: a × b _/_ c ;;,1,1,:: a × b _/_ c ;;,:: a × b _/_ c ;;,formula_or_symbolic;identical_text;latin_only_nepali
EPAATH_grade5__math__fractions_candidate_00034,EPAATH_grade5__math__fractions,grade5/math/fractions,5,math,mathematics,page2,p2text6,strings/string#id=p2text6,exact_record_key,low_shared_text,90,low,many_identical_pairs,low,likely_reject,identical_text;latin_only_nepali,f # ) e ( @ x,f # ) e ( @ x,1,1,f # ) e ( @ x,f # ) e ( @ x,identical_text;latin_only_nepali
EPAATH_grade5__math__fractions_candidate_00035,EPAATH_grade5__math__fractions,grade5/math/fractions,5,math,mathematics,page2,p2text7,strings/string#id=p2text7,exact_record_key,low_shared_text,90,low,many_identical_pairs,low,likely_reject,formula_or_symbolic;identical_text;latin_only_nepali,::- z _/_ y ;;,::- z _/_ y ;;,1,1,::- z _/_ y ;;,::- z _/_ y ;;,formula_or_symbolic;identical_text;latin_only_nepali
EPAATH_grade5__math__fractions_candidate_00038,EPAATH_grade5__math__fractions,grade5/math/fractions,5,math,mathematics,page3,p3text2,strings/string#id=p3text2,exact_record_key,low_shared_text,90,low,many_identical_pairs,low,likely_reject,formula_or_symbolic;identical_text;numeric_only,::2_/_3;; × ::1_/_5;; = ::2 × 1_/_3 × 5;; = ::2_/_15;;,::2_/_3;; × ::1_/_5;; = ::2 × 1_/_3 × 5;; = ::2_/_15;;,1,1,::2_/_3;; × ::1_/_5;; = ::2 × 1_/_3 × 5;; = ::2_/_15;;,::2_/_3;; × ::1_/_5;; = ::2 × 1_/_3 × 5;; = ::2_/_15;;,formula_or_symbolic;identical_text;numeric_only
EPAATH_grade5__math__fractions_candidate_00039,EPAATH_grade5__math__fractions,grade5/math/fractions,5,math,mathematics,page3,p3text3,strings/string#id=p3text3,exact_record_key,high_exact_single_sentence,90,low,many_identical_pairs,low,likely_reject,formula_or_symbolic,Enter two proper fractions you want to multiply:,गुणन गर्ने दुई ओटा उपयुक्त भिन्न राख:,1,1,Enter two proper fractions you want to multiply:,गुणन गर्ने दुई ओटा उपयुक्त भिन्न राख:,formula_or_symbolic
EPAATH_grade5__math__fractions_candidate_00041,EPAATH_grade5__math__fractions,grade5/math/fractions,5,math,mathematics,page3,p3text5,strings/string#id=p3text5,exact_record_key,low_shared_text,90,low,many_identical_pairs,low,likely_reject,formula_or_symbolic;identical_text;numeric_only,::2_/_3;; × ::1_/_5;; =,::2_/_3;; × ::1_/_5;; =,1,1,::2_/_3;; × ::1_/_5;; =,::2_/_3;; × ::1_/_5;; =,formula_or_symbolic;identical_text;numeric_only
EPAATH_grade5__math__fractions_candidate_00042,EPAATH_grade5__math__fractions,grade5/math/fractions,5,math,mathematics,page3,p3text6,strings/string#id=p3text6,exact_record_key,low_shared_text,90,low,many_identical_pairs,low,likely_reject,formula_or_symbolic;identical_text;numeric_only,::2_/_3;; × ::1_/_5;; =,::2_/_3;; × ::1_/_5;; =,1,1,::2_/_3;; × ::1_/_5;; =,::2_/_3;; × ::1_/_5;; =,formula_or_symbolic;identical_text;numeric_only
EPAATH_grade5__math__fractions_candidate_00043,EPAATH_grade5__math__fractions,grade5/math/fractions,5,math,mathematics,exercise,p6_heading,strings/string#id=p6_heading,exact_record_key,low_shared_text,90,low,many_identical_pairs,low,likely_reject,identical_text;latin_only_nepali;placeholder_text,Under Construction,Under Construction,1,1,Under Construction,Under Construction,identical_text;latin_only_nepali;placeholder_text
EPAATH_grade5__math__fractions_candidate_00048,EPAATH_grade5__math__fractions,grade5/math/fractions,5,math,mathematics,page2,phint,strings/string#id=phint,exact_record_key,high_exact_single_sentence,90,low,many_identical_pairs,low,likely_reject,formula_or_symbolic,Hint:,सुझाव:,1,1,Hint:,सुझाव:,formula_or_symbolic
EPAATH_grade5__math__fractions_candidate_00050,EPAATH_grade5__math__fractions,grade5/math/fractions,5,math,mathematics,exercise,ques1,strings/string#id=ques1,exact_record_key,high_exact_single_sentence,90,low,many_identical_pairs,low,likely_reject,formula_or_symbolic,Enter the product of the following multiplication:,तल उल्लेखित गुणनको गुणनफल राख:,1,1,Enter the product of the following multiplication:,तल उल्लेखित गुणनको गुणनफल राख:,formula_or_symbolic
