candidate_id,source_id,module_id,grade,subject,subdomain,screen_id,activity_id,record_key,pair_method,candidate_bucket,module_quality_score,module_risk_level,module_quality_flags,review_priority,auto_decision,qa_flags,en_record_text,ne_record_text,en_sentence_index,ne_sentence_index,en_text,ne_text
EPAATH_grade1__english__friends_and_festivals_candidate_00001,EPAATH_grade1__english__friends_and_festivals,grade1/english/friends_and_festivals,1,english,english_language,overview,lesson/chapter,lesson/chapter,exact_record_key,high_exact_single_sentence,65,medium,low_overlap_min;low_overlap_max,medium,review_carefully,lesson_metadata;module_low_coverage,Friends and Festivals,हाम्रा चाडपर्वहरू,1,1,Friends and Festivals,हाम्रा चाडपर्वहरू
EPAATH_grade1__english__friends_and_festivals_candidate_00002,EPAATH_grade1__english__friends_and_festivals,grade1/english/friends_and_festivals,1,english,english_language,overview,lesson/levelname,lesson/levelname,exact_record_key,high_exact_single_sentence,65,medium,low_overlap_min;low_overlap_max,medium,review_carefully,lesson_metadata;module_low_coverage,Level 1,तह १,1,1,Level 1,तह १
EPAATH_grade1__english__friends_and_festivals_candidate_00003,EPAATH_grade1__english__friends_and_festivals,grade1/english/friends_and_festivals,1,english,english_language,overview,lesson/objective/description/purpose,lesson/objective/description/purpose,exact_record_key,high_exact_single_sentence,65,medium,low_overlap_min;low_overlap_max,medium,review_carefully,lesson_metadata;module_low_coverage,"Read words, simple sentences and short paragraphs correctly.","आफ्ना समुदायका संस्कारहरू (दसैँ, तिहार, छठ, क्रिस्मस, इद, विभिन्न जात्रा आदि) को अवस्था झल्कने सामान्य रेखाङ्कन गर्न",1,1,"Read words, simple sentences and short paragraphs correctly.","आफ्ना समुदायका संस्कारहरू (दसैँ, तिहार, छठ, क्रिस्मस, इद, विभिन्न जात्रा आदि) को अवस्था झल्कने सामान्य रेखाङ्कन गर्न"
EPAATH_grade1__english__friends_and_festivals_candidate_00005,EPAATH_grade1__english__friends_and_festivals,grade1/english/friends_and_festivals,1,english,english_language,overview,lesson/subject,lesson/subject,exact_record_key,high_exact_single_sentence,65,medium,low_overlap_min;low_overlap_max,medium,review_carefully,lesson_metadata;module_low_coverage,English,विज्ञान,1,1,English,विज्ञान
EPAATH_grade1__english__friends_and_festivals_candidate_00007,EPAATH_grade1__english__friends_and_festivals,grade1/english/friends_and_festivals,1,english,english_language,overview,s1_P1_txt2,strings/string#id=s1_P1_txt2,exact_record_key,high_exact_single_sentence,65,medium,low_overlap_min;low_overlap_max,high,review_first,module_low_coverage,Udhauli,उधौली,1,1,Udhauli,उधौली
EPAATH_grade1__english__friends_and_festivals_candidate_00008,EPAATH_grade1__english__friends_and_festivals,grade1/english/friends_and_festivals,1,english,english_language,overview,s1_P1_txt3,strings/string#id=s1_P1_txt3,exact_record_key,high_exact_single_sentence,65,medium,low_overlap_min;low_overlap_max,high,review_first,module_low_coverage;very_short,Chhath,छठ,1,1,Chhath,छठ
EPAATH_grade1__english__friends_and_festivals_candidate_00009,EPAATH_grade1__english__friends_and_festivals,grade1/english/friends_and_festivals,1,english,english_language,overview,s1_P1_txt4,strings/string#id=s1_P1_txt4,exact_record_key,high_exact_single_sentence,65,medium,low_overlap_min;low_overlap_max,high,review_first,module_low_coverage,Mha Puja,महा पुजा,1,1,Mha Puja,महा पुजा
EPAATH_grade1__english__friends_and_festivals_candidate_00010,EPAATH_grade1__english__friends_and_festivals,grade1/english/friends_and_festivals,1,english,english_language,overview,s1_P1_txt5,strings/string#id=s1_P1_txt5,exact_record_key,high_exact_single_sentence,65,medium,low_overlap_min;low_overlap_max,high,review_first,module_low_coverage,Dashain,दशैं,1,1,Dashain,दशैं
EPAATH_grade1__english__friends_and_festivals_candidate_00011,EPAATH_grade1__english__friends_and_festivals,grade1/english/friends_and_festivals,1,english,english_language,overview,s1_P1_txt6,strings/string#id=s1_P1_txt6,exact_record_key,high_exact_single_sentence,65,medium,low_overlap_min;low_overlap_max,high,review_first,module_low_coverage,Christmas,क्रिसमस,1,1,Christmas,क्रिसमस
EPAATH_grade1__english__friends_and_festivals_candidate_00012,EPAATH_grade1__english__friends_and_festivals,grade1/english/friends_and_festivals,1,english,english_language,overview,s1_P1_txt7,strings/string#id=s1_P1_txt7,exact_record_key,high_exact_single_sentence,65,medium,low_overlap_min;low_overlap_max,high,review_first,module_low_coverage;very_short,Eid,ईद,1,1,Eid,ईद
EPAATH_grade1__english__friends_and_festivals_candidate_00013,EPAATH_grade1__english__friends_and_festivals,grade1/english/friends_and_festivals,1,english,english_language,page1,s1_T1_txt,strings/string#id=s1_T1_txt,exact_record_key,high_exact_single_sentence,65,medium,low_overlap_min;low_overlap_max,high,review_first,module_low_coverage,Look at the picture below.,तलको चित्रमा हेर्नुहोस्।,1,1,Look at the picture below.,तलको चित्रमा हेर्नुहोस्।
EPAATH_grade1__english__friends_and_festivals_candidate_00014,EPAATH_grade1__english__friends_and_festivals,grade1/english/friends_and_festivals,1,english,english_language,page1,s1_T2_txt,strings/string#id=s1_T2_txt,exact_record_key,high_exact_single_sentence,65,medium,low_overlap_min;low_overlap_max,high,review_first,module_low_coverage,Let’s learn more about these festivals.,यी चाडपर्वहरूको बारेमा थप जानौं।,1,1,Let’s learn more about these festivals.,यी चाडपर्वहरूको बारेमा थप जानौं।
EPAATH_grade1__english__friends_and_festivals_candidate_00015,EPAATH_grade1__english__friends_and_festivals,grade1/english/friends_and_festivals,1,english,english_language,page1,s1_talk1,strings/string#id=s1_talk1,exact_record_key,high_exact_single_sentence,65,medium,low_overlap_min;low_overlap_max,high,review_first,module_low_coverage,"Namaste, I am Rahul.","नमस्ते, म राहुल हुँ।",1,1,"Namaste, I am Rahul.","नमस्ते, म राहुल हुँ।"
EPAATH_grade1__english__friends_and_festivals_candidate_00016,EPAATH_grade1__english__friends_and_festivals,grade1/english/friends_and_festivals,1,english,english_language,page1,s1_talk2,strings/string#id=s1_talk2,exact_record_key,high_exact_single_sentence,65,medium,low_overlap_min;low_overlap_max,high,review_first,module_low_coverage,I met lots of friends at school.,स्कूलमा धेरै साथीहरू भेटेँ।,1,1,I met lots of friends at school.,स्कूलमा धेरै साथीहरू भेटेँ।
EPAATH_grade1__english__friends_and_festivals_candidate_00017,EPAATH_grade1__english__friends_and_festivals,grade1/english/friends_and_festivals,1,english,english_language,page1,s1_talk3,strings/string#id=s1_talk3,exact_record_key,high_exact_single_sentence,65,medium,low_overlap_min;low_overlap_max,high,review_first,module_low_coverage,I have friends from different parts of Nepal.,मेरो नेपालका विभिन्न भागबाट साथीहरू छन्।,1,1,I have friends from different parts of Nepal.,मेरो नेपालका विभिन्न भागबाट साथीहरू छन्।
EPAATH_grade1__english__friends_and_festivals_candidate_00018,EPAATH_grade1__english__friends_and_festivals,grade1/english/friends_and_festivals,1,english,english_language,page1,s1_talk4,strings/string#id=s1_talk4,exact_record_key,high_exact_single_sentence,65,medium,low_overlap_min;low_overlap_max,high,review_first,module_low_coverage,They celebrate different festivals.,उनीहरुले विभिन्न चाडपर्व मनाउँछन् ।,1,1,They celebrate different festivals.,उनीहरुले विभिन्न चाडपर्व मनाउँछन् ।
EPAATH_grade1__english__friends_and_festivals_candidate_00019,EPAATH_grade1__english__friends_and_festivals,grade1/english/friends_and_festivals,1,english,english_language,overview,title,strings/string#id=title,exact_record_key,high_exact_single_sentence,65,medium,low_overlap_min;low_overlap_max,high,review_first,module_low_coverage,Friends and Festivals,साथीहरू र चाडपर्वहरू,1,1,Friends and Festivals,साथीहरू र चाडपर्वहरू
EPAATH_grade1__english__i_likee_to_play_candidate_00007,EPAATH_grade1__english__i_likee_to_play,grade1/english/i_likee_to_play,1,english,english_language,page1,covertext,strings/string#id=covertext,exact_record_key,high_exact_single_sentence,35,high,low_overlap_min;low_overlap_max,medium,review_carefully,module_high_risk;module_low_coverage,I like to play,सजीव र निर्जीव,1,1,I like to play,सजीव र निर्जीव
EPAATH_grade1__english__i_likee_to_play_candidate_00008,EPAATH_grade1__english__i_likee_to_play,grade1/english/i_likee_to_play,1,english,english_language,page1,s1p2,strings/string#id=s1p2,exact_record_key,high_exact_single_sentence,35,high,low_overlap_min;low_overlap_max,medium,review_carefully,module_high_risk;module_low_coverage,"And, I am Anjan.",त्यसैले उनीहरू आमासँगै बाहिर निस्किए।,1,1,"And, I am Anjan.",त्यसैले उनीहरू आमासँगै बाहिर निस्किए।
EPAATH_grade1__english__i_likee_to_play_candidate_00009,EPAATH_grade1__english__i_likee_to_play,grade1/english/i_likee_to_play,1,english,english_language,page1,s1p3,strings/string#id=s1p3,exact_record_key,high_exact_single_sentence,35,high,low_overlap_min;low_overlap_max,medium,review_carefully,module_high_risk;module_low_coverage,"Today, we are talking about what we like and don’t like.",बाटोमा सोनुले गोठ देखी।,1,1,"Today, we are talking about what we like and don’t like.",बाटोमा सोनुले गोठ देखी।
EPAATH_grade1__english__i_likee_to_play_candidate_00010,EPAATH_grade1__english__i_likee_to_play,grade1/english/i_likee_to_play,1,english,english_language,page1,s1p4,strings/string#id=s1p4,exact_record_key,high_exact_single_sentence,35,high,low_overlap_min;low_overlap_max,medium,review_carefully,module_high_risk;module_low_coverage,What fruit do you like?,ऊ त्यतैतिर लागी।,1,1,What fruit do you like?,ऊ त्यतैतिर लागी।
EPAATH_grade1__english__i_likee_to_play_candidate_00011,EPAATH_grade1__english__i_likee_to_play,grade1/english/i_likee_to_play,1,english,english_language,page1,s1p5,strings/string#id=s1p5,exact_record_key,high_exact_single_sentence,35,high,low_overlap_min;low_overlap_max,medium,review_carefully,module_high_risk;module_low_coverage,I like mangoes.,उसले गाईलाई राम्ररी हेर्दैछे।,1,1,I like mangoes.,उसले गाईलाई राम्ररी हेर्दैछे।
EPAATH_grade1__english__identifying_letters_i_candidate_00005,EPAATH_grade1__english__identifying_letters_i,grade1/english/identifying_letters_i,1,english,english_language,page1,p1text2,strings/string#id=p1text2,exact_record_key,high_exact_single_sentence,35,high,low_overlap_min;low_overlap_max,medium,review_carefully,module_high_risk;module_low_coverage,Let’s look at the first 8 letters.,उसको नाम रामु थियो।,1,1,Let’s look at the first 8 letters.,उसको नाम रामु थियो।
EPAATH_grade1__english__identifying_letters_sec_candidate_00001,EPAATH_grade1__english__identifying_letters_sec,grade1/english/identifying_letters_sec,1,english,english_language,overview,lesson/chapter,lesson/chapter,exact_record_key,high_exact_single_sentence,60,medium,low_overlap_min,medium,review_carefully,lesson_metadata,Identifying Letters (I to P),झूटो नबोल,1,1,Identifying Letters (I to P),झूटो नबोल
EPAATH_grade1__english__identifying_letters_sec_candidate_00002,EPAATH_grade1__english__identifying_letters_sec,grade1/english/identifying_letters_sec,1,english,english_language,overview,lesson/objective/description/purpose,lesson/objective/description/purpose,exact_record_key,high_exact_single_sentence,60,medium,low_overlap_min,medium,review_carefully,lesson_metadata,To identify letters from I to P,सरल कथा हाउभाउसहित पढ्न,1,1,To identify letters from I to P,सरल कथा हाउभाउसहित पढ्न
EPAATH_grade1__english__identifying_letters_sec_candidate_00004,EPAATH_grade1__english__identifying_letters_sec,grade1/english/identifying_letters_sec,1,english,english_language,overview,lesson/subject,lesson/subject,exact_record_key,high_exact_single_sentence,60,medium,low_overlap_min,medium,review_carefully,lesson_metadata,English,नेपाली,1,1,English,नेपाली
EPAATH_grade1__english__identifying_letters_sec_candidate_00005,EPAATH_grade1__english__identifying_letters_sec,grade1/english/identifying_letters_sec,1,english,english_language,page1,p1text1,strings/string#id=p1text1,exact_record_key,high_exact_single_sentence,60,medium,low_overlap_min,high,review_first,,There are 26 letters in the English alphabet.,एकादेशमा एउटा केटो थियो।,1,1,There are 26 letters in the English alphabet.,एकादेशमा एउटा केटो थियो।
EPAATH_grade1__english__identifying_letters_sec_candidate_00006,EPAATH_grade1__english__identifying_letters_sec,grade1/english/identifying_letters_sec,1,english,english_language,page1,p1text2,strings/string#id=p1text2,exact_record_key,high_exact_single_sentence,60,medium,low_overlap_min,high,review_first,,We already looked at the first 8 letters.,उसको नाम रामु थियो।,1,1,We already looked at the first 8 letters.,उसको नाम रामु थियो।
EPAATH_grade1__english__identifying_letters_sec_candidate_00007,EPAATH_grade1__english__identifying_letters_sec,grade1/english/identifying_letters_sec,1,english,english_language,page2,p2text1,strings/string#id=p2text1,exact_record_key,high_exact_single_sentence,60,medium,low_overlap_min,high,review_first,very_short,#A@NT,केहि बेरपछि उसले अलि पर अनौठो अावाज सुन्यो।,1,1,#A@NT,केहि बेरपछि उसले अलि पर अनौठो अावाज सुन्यो।
EPAATH_grade1__english__identifying_letters_sec_candidate_00008,EPAATH_grade1__english__identifying_letters_sec,grade1/english/identifying_letters_sec,1,english,english_language,page2,p2text2,strings/string#id=p2text2,exact_record_key,high_exact_single_sentence,60,medium,low_overlap_min,high,review_first,,#B@ALL,तर अावाज झनै नजिक अायो।,1,1,#B@ALL,तर अावाज झनै नजिक अायो।
EPAATH_grade1__english__identifying_letters_sec_candidate_00009,EPAATH_grade1__english__identifying_letters_sec,grade1/english/identifying_letters_sec,1,english,english_language,page2,p2text3,strings/string#id=p2text3,exact_record_key,high_exact_single_sentence,60,medium,low_overlap_min,high,review_first,very_short,#C@AT,“घुर्र... घुर्र…” गर्दै एउटा ठुलो र डरलाग्दो स्याल अाफूतिर अाइरहेको उसले देख्यो।,1,1,#C@AT,“घुर्र... घुर्र…” गर्दै एउटा ठुलो र डरलाग्दो स्याल अाफूतिर अाइरहेको उसले देख्यो।
EPAATH_grade1__english__identifying_letters_sec_candidate_00010,EPAATH_grade1__english__identifying_letters_sec,grade1/english/identifying_letters_sec,1,english,english_language,page2,p2text5,strings/string#id=p2text5,exact_record_key,high_exact_single_sentence,60,medium,low_overlap_min,high,review_first,very_short,#E@GG,आँखा राता राता भए।,1,1,#E@GG,आँखा राता राता भए।
EPAATH_grade1__english__identifying_letters_sec_candidate_00011,EPAATH_grade1__english__identifying_letters_sec,grade1/english/identifying_letters_sec,1,english,english_language,page2,p2text8,strings/string#id=p2text8,exact_record_key,high_exact_single_sentence,60,medium,low_overlap_min,high,review_first,very_short,#H@EN,अाफ्नै आँखाअगाडि अाफ्नो प्यारो भेडालाई स्यालले अाहार बनाएको देखेर रामु चिच्च्याई-चिच्च्याई रोयो।,1,1,#H@EN,अाफ्नै आँखाअगाडि अाफ्नो प्यारो भेडालाई स्यालले अाहार बनाएको देखेर रामु चिच्च्याई-चिच्च्याई रोयो।
EPAATH_grade1__english__identifying_letters_third_candidate_00001,EPAATH_grade1__english__identifying_letters_third,grade1/english/identifying_letters_third,1,english,english_language,overview,lesson/chapter,lesson/chapter,exact_record_key,high_exact_single_sentence,60,medium,low_overlap_min,medium,review_carefully,lesson_metadata,Identifying Letters (Q to Z),झूटो नबोल,1,1,Identifying Letters (Q to Z),झूटो नबोल
EPAATH_grade1__english__identifying_letters_third_candidate_00002,EPAATH_grade1__english__identifying_letters_third,grade1/english/identifying_letters_third,1,english,english_language,overview,lesson/objective/description/purpose,lesson/objective/description/purpose,exact_record_key,high_exact_single_sentence,60,medium,low_overlap_min,medium,review_carefully,lesson_metadata,To identify letters from Q to Z,सरल कथा हाउभाउसहित पढ्न,1,1,To identify letters from Q to Z,सरल कथा हाउभाउसहित पढ्न
EPAATH_grade1__english__identifying_letters_third_candidate_00004,EPAATH_grade1__english__identifying_letters_third,grade1/english/identifying_letters_third,1,english,english_language,overview,lesson/subject,lesson/subject,exact_record_key,high_exact_single_sentence,60,medium,low_overlap_min,medium,review_carefully,lesson_metadata,English,नेपाली,1,1,English,नेपाली
EPAATH_grade1__english__identifying_letters_third_candidate_00005,EPAATH_grade1__english__identifying_letters_third,grade1/english/identifying_letters_third,1,english,english_language,page1,p1text1,strings/string#id=p1text1,exact_record_key,high_exact_single_sentence,60,medium,low_overlap_min,high,review_first,,There are 26 letters in the English alphabet.,एकादेशमा एउटा केटो थियो।,1,1,There are 26 letters in the English alphabet.,एकादेशमा एउटा केटो थियो।
EPAATH_grade1__english__identifying_letters_third_candidate_00006,EPAATH_grade1__english__identifying_letters_third,grade1/english/identifying_letters_third,1,english,english_language,page1,p1text2,strings/string#id=p1text2,exact_record_key,high_exact_single_sentence,60,medium,low_overlap_min,high,review_first,,We already looked at the first 8 letters,उसको नाम रामु थियो।,1,1,We already looked at the first 8 letters,उसको नाम रामु थियो।
EPAATH_grade1__english__identifying_letters_third_candidate_00007,EPAATH_grade1__english__identifying_letters_third,grade1/english/identifying_letters_third,1,english,english_language,page2,p2text1,strings/string#id=p2text1,exact_record_key,high_exact_single_sentence,60,medium,low_overlap_min,high,review_first,very_short,#A@NT,केहि बेरपछि उसले अलि पर अनौठो अावाज सुन्यो।,1,1,#A@NT,केहि बेरपछि उसले अलि पर अनौठो अावाज सुन्यो।
EPAATH_grade1__english__identifying_letters_third_candidate_00008,EPAATH_grade1__english__identifying_letters_third,grade1/english/identifying_letters_third,1,english,english_language,page2,p2text2,strings/string#id=p2text2,exact_record_key,high_exact_single_sentence,60,medium,low_overlap_min,high,review_first,,#B@ALL,तर अावाज झनै नजिक अायो।,1,1,#B@ALL,तर अावाज झनै नजिक अायो।
EPAATH_grade1__english__identifying_letters_third_candidate_00009,EPAATH_grade1__english__identifying_letters_third,grade1/english/identifying_letters_third,1,english,english_language,page2,p2text3,strings/string#id=p2text3,exact_record_key,high_exact_single_sentence,60,medium,low_overlap_min,high,review_first,very_short,#C@AT,“घुर्र... घुर्र…” गर्दै एउटा ठुलो र डरलाग्दो स्याल अाफूतिर अाइरहेको उसले देख्यो।,1,1,#C@AT,“घुर्र... घुर्र…” गर्दै एउटा ठुलो र डरलाग्दो स्याल अाफूतिर अाइरहेको उसले देख्यो।
EPAATH_grade1__english__identifying_letters_third_candidate_00010,EPAATH_grade1__english__identifying_letters_third,grade1/english/identifying_letters_third,1,english,english_language,page2,p2text5,strings/string#id=p2text5,exact_record_key,high_exact_single_sentence,60,medium,low_overlap_min,high,review_first,very_short,#E@GG,आँखा राता राता भए।,1,1,#E@GG,आँखा राता राता भए।
EPAATH_grade1__english__identifying_letters_third_candidate_00011,EPAATH_grade1__english__identifying_letters_third,grade1/english/identifying_letters_third,1,english,english_language,page2,p2text8,strings/string#id=p2text8,exact_record_key,high_exact_single_sentence,60,medium,low_overlap_min,high,review_first,very_short,#H@EN,अाफ्नै आँखाअगाडि अाफ्नो प्यारो भेडालाई स्यालले अाहार बनाएको देखेर रामु चिच्च्याई-चिच्च्याई रोयो।,1,1,#H@EN,अाफ्नै आँखाअगाडि अाफ्नो प्यारो भेडालाई स्यालले अाहार बनाएको देखेर रामु चिच्च्याई-चिच्च्याई रोयो।
EPAATH_grade1__english__lines_and_curves_candidate_00001,EPAATH_grade1__english__lines_and_curves,grade1/english/lines_and_curves,1,english,english_language,overview,lesson/chapter,lesson/chapter,exact_record_key,high_exact_single_sentence,60,medium,,medium,review_carefully,lesson_metadata,Lines And Curves,१ देखि ५ सम्मका सङ्ख्याहरू,1,1,Lines And Curves,१ देखि ५ सम्मका सङ्ख्याहरू
EPAATH_grade1__english__lines_and_curves_candidate_00002,EPAATH_grade1__english__lines_and_curves,grade1/english/lines_and_curves,1,english,english_language,overview,lesson/levelname,lesson/levelname,exact_record_key,high_exact_single_sentence,60,medium,,medium,review_carefully,lesson_metadata,Level 1,तह १,1,1,Level 1,तह १
EPAATH_grade1__english__lines_and_curves_candidate_00003,EPAATH_grade1__english__lines_and_curves,grade1/english/lines_and_curves,1,english,english_language,overview,lesson/objective/description/purpose,lesson/objective/description/purpose,exact_record_key,high_exact_single_sentence,60,medium,,medium,review_carefully,lesson_metadata,"To recognize and draw straight lines, curves and circles",१ - 5 सम्मका सङ्ख्याहरू चिन्न,1,1,"To recognize and draw straight lines, curves and circles",१ - 5 सम्मका सङ्ख्याहरू चिन्न
EPAATH_grade1__english__lines_and_curves_candidate_00005,EPAATH_grade1__english__lines_and_curves,grade1/english/lines_and_curves,1,english,english_language,overview,lesson/subject,lesson/subject,exact_record_key,high_exact_single_sentence,60,medium,,medium,review_carefully,lesson_metadata,English,गणित,1,1,English,गणित
EPAATH_grade1__english__lines_and_curves_candidate_00007,EPAATH_grade1__english__lines_and_curves,grade1/english/lines_and_curves,1,english,english_language,overview,finmsg,strings/string#id=finmsg,exact_record_key,high_exact_multi_sentence,60,medium,,high,review_first,,Yay! We learnt about numbers from 1 to 5.,आहा! हामीले १ देखी ५ सम्मका सङ्ख्याहरू पढ्यौं।,1,1,Yay!,आहा!
EPAATH_grade1__english__lines_and_curves_candidate_00008,EPAATH_grade1__english__lines_and_curves,grade1/english/lines_and_curves,1,english,english_language,overview,finmsg,strings/string#id=finmsg,exact_record_key,high_exact_multi_sentence,60,medium,,high,review_first,,Yay! We learnt about numbers from 1 to 5.,आहा! हामीले १ देखी ५ सम्मका सङ्ख्याहरू पढ्यौं।,2,2,We learnt about numbers from 1 to 5.,हामीले १ देखी ५ सम्मका सङ्ख्याहरू पढ्यौं।
EPAATH_grade1__english__lines_and_curves_candidate_00009,EPAATH_grade1__english__lines_and_curves,grade1/english/lines_and_curves,1,english,english_language,overview,playtime,strings/string#id=playtime,exact_record_key,high_exact_single_sentence,60,medium,,high,review_first,,Playtime,खेलौँ,1,1,Playtime,खेलौँ
EPAATH_grade1__english__numbers_candidate_00005,EPAATH_grade1__english__numbers,grade1/english/numbers,1,english,english_language,page1,p1text1,strings/string#id=p1text1,exact_record_key,high_exact_single_sentence,15,high,low_overlap_max;low_nepali_script;few_content_pairs;many_identical_pairs;many_latin_only_ne_pairs,medium,review_carefully,module_high_risk;module_low_content_overlap;module_low_coverage;module_low_nepali_script,Let’s learn about numbers!,एउटा गाउँका मानिसहरू पौडी खेल्न निकै सिपालु थिए।,1,1,Let’s learn about numbers!,एउटा गाउँका मानिसहरू पौडी खेल्न निकै सिपालु थिए।
EPAATH_grade1__math__adding_three_numbers_candidate_00001,EPAATH_grade1__math__adding_three_numbers,grade1/math/adding_three_numbers,1,math,mathematics,overview,lesson/chapter,lesson/chapter,exact_record_key,high_exact_single_sentence,100,low,,medium,review_carefully,lesson_metadata,Adding Three Numbers,तीनओटा सङ्ख्याहरूको जोड,1,1,Adding Three Numbers,तीनओटा सङ्ख्याहरूको जोड
EPAATH_grade1__math__adding_three_numbers_candidate_00002,EPAATH_grade1__math__adding_three_numbers,grade1/math/adding_three_numbers,1,math,mathematics,overview,lesson/levelname,lesson/levelname,exact_record_key,high_exact_single_sentence,100,low,,medium,review_carefully,lesson_metadata,Level 1,तह १,1,1,Level 1,तह १
EPAATH_grade1__math__adding_three_numbers_candidate_00003,EPAATH_grade1__math__adding_three_numbers,grade1/math/adding_three_numbers,1,math,mathematics,overview,lesson/objective/description/purpose,lesson/objective/description/purpose,exact_record_key,high_exact_single_sentence,100,low,,medium,review_carefully,lesson_metadata,To add three numbers that add up to 20.,योगफल २० सम्म आउने तीनओटा सम्म सङ्ख्याहरूको जोड गर्न।,1,1,To add three numbers that add up to 20.,योगफल २० सम्म आउने तीनओटा सम्म सङ्ख्याहरूको जोड गर्न।
EPAATH_grade1__math__adding_three_numbers_candidate_00005,EPAATH_grade1__math__adding_three_numbers,grade1/math/adding_three_numbers,1,math,mathematics,overview,lesson/subject,lesson/subject,exact_record_key,high_exact_single_sentence,100,low,,medium,review_carefully,lesson_metadata,Math,गणित,1,1,Math,गणित
EPAATH_grade1__math__adding_three_numbers_candidate_00006,EPAATH_grade1__math__adding_three_numbers,grade1/math/adding_three_numbers,1,math,mathematics,overview,lesson/topic,lesson/topic,exact_record_key,high_exact_single_sentence,100,low,,medium,review_carefully,lesson_metadata,Math,गणित,1,1,Math,गणित
EPAATH_grade1__math__adding_three_numbers_candidate_00007,EPAATH_grade1__math__adding_three_numbers,grade1/math/adding_three_numbers,1,math,mathematics,page1,chapter,strings/string#id=chapter,exact_record_key,high_exact_single_sentence,100,low,,high,review_first,,Adding Three Numbers,तीनओटा सङ्ख्याहरूको जोड,1,1,Adding Three Numbers,तीनओटा सङ्ख्याहरूको जोड
EPAATH_grade1__math__adding_three_numbers_candidate_00008,EPAATH_grade1__math__adding_three_numbers,grade1/math/adding_three_numbers,1,math,mathematics,overview,exques1,strings/string#id=exques1,exact_record_key,high_exact_single_sentence,100,low,,high,review_first,,How many balloons are there?,यहाँ कतिओटा बेलुनहरू छन्?,1,1,How many balloons are there?,यहाँ कतिओटा बेलुनहरू छन्?
EPAATH_grade1__math__adding_three_numbers_candidate_00009,EPAATH_grade1__math__adding_three_numbers,grade1/math/adding_three_numbers,1,math,mathematics,overview,exques2,strings/string#id=exques2,exact_record_key,high_exact_single_sentence,100,low,,high,review_first,,How many butterflies are there?,यहाँ कतिओटा पुतलीहरू छन्?,1,1,How many butterflies are there?,यहाँ कतिओटा पुतलीहरू छन्?
EPAATH_grade1__math__adding_three_numbers_candidate_00010,EPAATH_grade1__math__adding_three_numbers,grade1/math/adding_three_numbers,1,math,mathematics,overview,exques3,strings/string#id=exques3,exact_record_key,high_exact_single_sentence,100,low,,high,review_first,,How many kites are there?,यहाँ कतिओटा चङ्गाहरू छन्?,1,1,How many kites are there?,यहाँ कतिओटा चङ्गाहरू छन्?
EPAATH_grade1__math__adding_three_numbers_candidate_00011,EPAATH_grade1__math__adding_three_numbers,grade1/math/adding_three_numbers,1,math,mathematics,overview,exques4,strings/string#id=exques4,exact_record_key,high_exact_single_sentence,100,low,,high,review_first,,How many birds are there?,यहाँ कतिओटा चराहरू छन्?,1,1,How many birds are there?,यहाँ कतिओटा चराहरू छन्?
EPAATH_grade1__math__adding_three_numbers_candidate_00012,EPAATH_grade1__math__adding_three_numbers,grade1/math/adding_three_numbers,1,math,mathematics,overview,exques5,strings/string#id=exques5,exact_record_key,high_exact_single_sentence,100,low,,high,review_first,,How many airplanes are there?,यहाँ कतिओटा हवाईजहाजहरू छन्?,1,1,How many airplanes are there?,यहाँ कतिओटा हवाईजहाजहरू छन्?
EPAATH_grade1__math__adding_three_numbers_candidate_00022,EPAATH_grade1__math__adding_three_numbers,grade1/math/adding_three_numbers,1,math,mathematics,page1,p1text1,strings/string#id=p1text1,exact_record_key,high_exact_single_sentence,100,low,,high,review_first,,Let’s learn to add three numbers!,तीनओटा सङ्ख्याहरू जोड्न सिकौँ!,1,1,Let’s learn to add three numbers!,तीनओटा सङ्ख्याहरू जोड्न सिकौँ!
EPAATH_grade1__math__adding_three_numbers_candidate_00023,EPAATH_grade1__math__adding_three_numbers,grade1/math/adding_three_numbers,1,math,mathematics,page1,p1text2,strings/string#id=p1text2,exact_record_key,high_exact_single_sentence,100,low,,high,review_first,,I have 6 sweets.,मसँग ६ ओटा चकलेटहरू छन्।,1,1,I have 6 sweets.,मसँग ६ ओटा चकलेटहरू छन्।
EPAATH_grade1__math__adding_three_numbers_candidate_00024,EPAATH_grade1__math__adding_three_numbers,grade1/math/adding_three_numbers,1,math,mathematics,page1,p1text3,strings/string#id=p1text3,exact_record_key,high_exact_single_sentence,100,low,,high,review_first,,Sagar gave me 5 sweets.,सागरले मलाई ५ ओटा चकलेटहरू दियो।,1,1,Sagar gave me 5 sweets.,सागरले मलाई ५ ओटा चकलेटहरू दियो।
EPAATH_grade1__math__adding_three_numbers_candidate_00025,EPAATH_grade1__math__adding_three_numbers,grade1/math/adding_three_numbers,1,math,mathematics,page1,p1text4,strings/string#id=p1text4,exact_record_key,high_exact_single_sentence,100,low,,high,review_first,,Numa gave me 7 more sweets.,नूमाले मलाई थप ७ ओटा चकलेटहरू दिइन्।,1,1,Numa gave me 7 more sweets.,नूमाले मलाई थप ७ ओटा चकलेटहरू दिइन्।
EPAATH_grade1__math__adding_three_numbers_candidate_00026,EPAATH_grade1__math__adding_three_numbers,grade1/math/adding_three_numbers,1,math,mathematics,page1,p1text5,strings/string#id=p1text5,exact_record_key,high_exact_single_sentence,100,low,,high,review_first,,How many sweets do I have now?,अब मसँग कति ओटा चकलेटहरू छन्?,1,1,How many sweets do I have now?,अब मसँग कति ओटा चकलेटहरू छन्?
EPAATH_grade1__math__adding_three_numbers_candidate_00027,EPAATH_grade1__math__adding_three_numbers,grade1/math/adding_three_numbers,1,math,mathematics,page1,p1text6,strings/string#id=p1text6,exact_record_key,high_exact_single_sentence,100,low,,high,review_first,,Let’s count all the sweets.,सबै चकलेटहरू गनौँ।,1,1,Let’s count all the sweets.,सबै चकलेटहरू गनौँ।
EPAATH_grade1__math__adding_three_numbers_candidate_00028,EPAATH_grade1__math__adding_three_numbers,grade1/math/adding_three_numbers,1,math,mathematics,page1,p1text7,strings/string#id=p1text7,exact_record_key,high_exact_single_sentence,100,low,,high,review_first,,I have 18 sweets now.,अब मसँग १८ ओटा चकलेटहरू छन्।,1,1,I have 18 sweets now.,अब मसँग १८ ओटा चकलेटहरू छन्।
EPAATH_grade1__math__adding_three_numbers_candidate_00029,EPAATH_grade1__math__adding_three_numbers,grade1/math/adding_three_numbers,1,math,mathematics,page1,p1text8,strings/string#id=p1text8,exact_record_key,high_exact_multi_sentence,100,low,,high,review_first,,Let’s read aloud! 6 + 5 + 7 = 18,सँगै पढौँ! ६ + ५ + ७ = १८,1,1,Let’s read aloud!,सँगै पढौँ!
EPAATH_grade1__math__adding_three_numbers_candidate_00031,EPAATH_grade1__math__adding_three_numbers,grade1/math/adding_three_numbers,1,math,mathematics,page2,p2text2,strings/string#id=p2text2,exact_record_key,high_exact_single_sentence,100,low,,high,review_first,,Now click on the dots to count them.,अब गणना गर्न थोप्लाहरूमा क्लिक गर।,1,1,Now click on the dots to count them.,अब गणना गर्न थोप्लाहरूमा क्लिक गर।
EPAATH_grade1__math__adding_three_numbers_candidate_00032,EPAATH_grade1__math__adding_three_numbers,grade1/math/adding_three_numbers,1,math,mathematics,page2,p2text3,strings/string#id=p2text3,exact_record_key,high_exact_single_sentence,100,low,,high,review_first,,The sum of all dice is,सबै थोप्लाहरूको योगफल,1,1,The sum of all dice is,सबै थोप्लाहरूको योगफल
EPAATH_grade1__math__adding_three_numbers_candidate_00033,EPAATH_grade1__math__adding_three_numbers,grade1/math/adding_three_numbers,1,math,mathematics,page3,p3text1,strings/string#id=p3text1,exact_record_key,high_exact_single_sentence,100,low,,high,review_first,,Now let’s learn to add using our fingers!,अब औँलाहरूको प्रयोग गरेर जोड गर्न सिकौँ!,1,1,Now let’s learn to add using our fingers!,अब औँलाहरूको प्रयोग गरेर जोड गर्न सिकौँ!
EPAATH_grade1__math__adding_three_numbers_candidate_00034,EPAATH_grade1__math__adding_three_numbers,grade1/math/adding_three_numbers,1,math,mathematics,page3,p3text2,strings/string#id=p3text2,exact_record_key,high_exact_single_sentence,100,low,,high,review_first,,I have 7 marbles.,मसँग ७ ओटा गुच्चाहरू छन्।,1,1,I have 7 marbles.,मसँग ७ ओटा गुच्चाहरू छन्।
EPAATH_grade1__math__adding_three_numbers_candidate_00035,EPAATH_grade1__math__adding_three_numbers,grade1/math/adding_three_numbers,1,math,mathematics,page3,p3text2a,strings/string#id=p3text2a,exact_record_key,high_exact_single_sentence,100,low,,high,review_first,,7 marbles,७ ओटा गुच्चाहरू,1,1,7 marbles,७ ओटा गुच्चाहरू
EPAATH_grade1__math__adding_three_numbers_candidate_00036,EPAATH_grade1__math__adding_three_numbers,grade1/math/adding_three_numbers,1,math,mathematics,page3,p3text3,strings/string#id=p3text3,exact_record_key,high_exact_single_sentence,100,low,,high,review_first,,Sagar gave me 3 marbles.,सागरले मलाई ३ ओटा गुच्चाहरू दियो।,1,1,Sagar gave me 3 marbles.,सागरले मलाई ३ ओटा गुच्चाहरू दियो।
EPAATH_grade1__math__adding_three_numbers_candidate_00037,EPAATH_grade1__math__adding_three_numbers,grade1/math/adding_three_numbers,1,math,mathematics,page3,p3text3a,strings/string#id=p3text3a,exact_record_key,high_exact_single_sentence,100,low,,high,review_first,,3 marbles,३ ओटा गुच्चाहरू,1,1,3 marbles,३ ओटा गुच्चाहरू
EPAATH_grade1__math__adding_three_numbers_candidate_00038,EPAATH_grade1__math__adding_three_numbers,grade1/math/adding_three_numbers,1,math,mathematics,page3,p3text4,strings/string#id=p3text4,exact_record_key,high_exact_single_sentence,100,low,,high,review_first,,Numa gave me 6 more marbles.,नूमाले मलाई थप ६ ओटा गुच्चाहरू दिइन्।,1,1,Numa gave me 6 more marbles.,नूमाले मलाई थप ६ ओटा गुच्चाहरू दिइन्।
EPAATH_grade1__math__adding_three_numbers_candidate_00039,EPAATH_grade1__math__adding_three_numbers,grade1/math/adding_three_numbers,1,math,mathematics,page3,p3text4a,strings/string#id=p3text4a,exact_record_key,high_exact_single_sentence,100,low,,high,review_first,,6 marbles,६ ओटा गुच्चाहरू,1,1,6 marbles,६ ओटा गुच्चाहरू
EPAATH_grade1__math__adding_three_numbers_candidate_00040,EPAATH_grade1__math__adding_three_numbers,grade1/math/adding_three_numbers,1,math,mathematics,page3,p3text5,strings/string#id=p3text5,exact_record_key,high_exact_single_sentence,100,low,,high,review_first,,Let’s count how many marbles we have in total.,अब हामीसँग जम्मा कति ओटा गुच्चाहरू छन् भनेर गणना गरौँ।,1,1,Let’s count how many marbles we have in total.,अब हामीसँग जम्मा कति ओटा गुच्चाहरू छन् भनेर गणना गरौँ।
EPAATH_grade1__math__adding_three_numbers_candidate_00041,EPAATH_grade1__math__adding_three_numbers,grade1/math/adding_three_numbers,1,math,mathematics,page3,p3text6,strings/string#id=p3text6,exact_record_key,high_exact_single_sentence,100,low,,high,review_first,,We have 16 marbles now.,हामीसँग अहिले १६ ओटा गुच्चाहरू छन्।,1,1,We have 16 marbles now.,हामीसँग अहिले १६ ओटा गुच्चाहरू छन्।
EPAATH_grade1__math__adding_three_numbers_candidate_00042,EPAATH_grade1__math__adding_three_numbers,grade1/math/adding_three_numbers,1,math,mathematics,page3,p3text7,strings/string#id=p3text7,exact_record_key,high_exact_multi_sentence,100,low,,high,review_first,,Let’s read aloud! 7 + 3 + 6 = 16,सँगै पढौँ! ७ + ३ + ६ = १६,1,1,Let’s read aloud!,सँगै पढौँ!
EPAATH_grade1__math__adding_three_numbers_candidate_00044,EPAATH_grade1__math__adding_three_numbers,grade1/math/adding_three_numbers,1,math,mathematics,page2,roll,strings/string#id=roll,exact_record_key,high_exact_single_sentence,100,low,,high,review_first,,Roll,यहाँ क्लिक गर।,1,1,Roll,यहाँ क्लिक गर।
EPAATH_grade1__math__adding_upto_hundred_candidate_00001,EPAATH_grade1__math__adding_upto_hundred,grade1/math/adding_upto_hundred,1,math,mathematics,overview,lesson/chapter,lesson/chapter,exact_record_key,high_exact_single_sentence,90,low,many_identical_pairs,medium,review_carefully,lesson_metadata,Adding upto hundred,सय सम्मको जोड,1,1,Adding upto hundred,सय सम्मको जोड
EPAATH_grade1__math__adding_upto_hundred_candidate_00002,EPAATH_grade1__math__adding_upto_hundred,grade1/math/adding_upto_hundred,1,math,mathematics,overview,lesson/levelname,lesson/levelname,exact_record_key,high_exact_single_sentence,90,low,many_identical_pairs,medium,review_carefully,lesson_metadata,Level 1,तह १,1,1,Level 1,तह १
EPAATH_grade1__math__adding_upto_hundred_candidate_00003,EPAATH_grade1__math__adding_upto_hundred,grade1/math/adding_upto_hundred,1,math,mathematics,overview,lesson/objective/description/purpose,lesson/objective/description/purpose,exact_record_key,high_exact_single_sentence,90,low,many_identical_pairs,medium,review_carefully,lesson_metadata,To add two numbers that add up to 100 without regrouping.,हात लागी नआउने र योगफल १०० सम्म आउने दुईओटा सङ्ख्याहरूको जोड गर्न।,1,1,To add two numbers that add up to 100 without regrouping.,हात लागी नआउने र योगफल १०० सम्म आउने दुईओटा सङ्ख्याहरूको जोड गर्न।
EPAATH_grade1__math__adding_upto_hundred_candidate_00005,EPAATH_grade1__math__adding_upto_hundred,grade1/math/adding_upto_hundred,1,math,mathematics,overview,lesson/subject,lesson/subject,exact_record_key,high_exact_single_sentence,90,low,many_identical_pairs,medium,review_carefully,lesson_metadata,Math,गणित,1,1,Math,गणित
EPAATH_grade1__math__adding_upto_hundred_candidate_00006,EPAATH_grade1__math__adding_upto_hundred,grade1/math/adding_upto_hundred,1,math,mathematics,overview,lesson/topic,lesson/topic,exact_record_key,high_exact_single_sentence,90,low,many_identical_pairs,medium,review_carefully,lesson_metadata,Math,गणित,1,1,Math,गणित
EPAATH_grade1__math__adding_upto_hundred_candidate_00007,EPAATH_grade1__math__adding_upto_hundred,grade1/math/adding_upto_hundred,1,math,mathematics,page1,chapter,strings/string#id=chapter,exact_record_key,high_exact_single_sentence,90,low,many_identical_pairs,high,review_first,,Adding upto hundred,सय सम्मको जोड,1,1,Adding upto hundred,सय सम्मको जोड
EPAATH_grade1__math__adding_upto_hundred_candidate_00008,EPAATH_grade1__math__adding_upto_hundred,grade1/math/adding_upto_hundred,1,math,mathematics,overview,click_correct_option,strings/string#id=click_correct_option,exact_record_key,high_exact_single_sentence,90,low,many_identical_pairs,high,review_first,,Click on the correct option.,सही उत्तरमा क्लिक गरौँ।,1,1,Click on the correct option.,सही उत्तरमा क्लिक गरौँ।
EPAATH_grade1__math__adding_upto_hundred_candidate_00009,EPAATH_grade1__math__adding_upto_hundred,grade1/math/adding_upto_hundred,1,math,mathematics,overview,delicious,strings/string#id=delicious,exact_record_key,high_exact_single_sentence,90,low,many_identical_pairs,high,review_first,,Delicious!,मिठो!,1,1,Delicious!,मिठो!
EPAATH_grade1__math__adding_upto_hundred_candidate_00010,EPAATH_grade1__math__adding_upto_hundred,grade1/math/adding_upto_hundred,1,math,mathematics,overview,exqhelp1,strings/string#id=exqhelp1,exact_record_key,high_exact_single_sentence,90,low,many_identical_pairs,high,review_first,,How to play ?,कसरी खेल्ने?,1,1,How to play ?,कसरी खेल्ने?
EPAATH_grade1__math__adding_upto_hundred_candidate_00011,EPAATH_grade1__math__adding_upto_hundred,grade1/math/adding_upto_hundred,1,math,mathematics,overview,exqhelp2,strings/string#id=exqhelp2,exact_record_key,high_exact_single_sentence,90,low,many_identical_pairs,high,review_first,,Move up,माथि,1,1,Move up,माथि
EPAATH_grade1__math__adding_upto_hundred_candidate_00012,EPAATH_grade1__math__adding_upto_hundred,grade1/math/adding_upto_hundred,1,math,mathematics,overview,exqhelp3,strings/string#id=exqhelp3,exact_record_key,high_exact_single_sentence,90,low,many_identical_pairs,high,review_first,,Move right,दायाँ,1,1,Move right,दायाँ
EPAATH_grade1__math__adding_upto_hundred_candidate_00013,EPAATH_grade1__math__adding_upto_hundred,grade1/math/adding_upto_hundred,1,math,mathematics,overview,exqhelp4,strings/string#id=exqhelp4,exact_record_key,high_exact_single_sentence,90,low,many_identical_pairs,high,review_first,,Move left,बायाँ,1,1,Move left,बायाँ
EPAATH_grade1__math__adding_upto_hundred_candidate_00014,EPAATH_grade1__math__adding_upto_hundred,grade1/math/adding_upto_hundred,1,math,mathematics,overview,exqhelp5,strings/string#id=exqhelp5,exact_record_key,high_exact_single_sentence,90,low,many_identical_pairs,high,review_first,very_short,Move down,तल,1,1,Move down,तल
EPAATH_grade1__math__adding_upto_hundred_candidate_00015,EPAATH_grade1__math__adding_upto_hundred,grade1/math/adding_upto_hundred,1,math,mathematics,overview,exqhelp6,strings/string#id=exqhelp6,exact_record_key,high_exact_single_sentence,90,low,many_identical_pairs,high,review_first,,For collecting coins and fruits,सिक्का र फलफुलहरू सङ्कलन गर्न।,1,1,For collecting coins and fruits,सिक्का र फलफुलहरू सङ्कलन गर्न।
EPAATH_grade1__math__adding_upto_hundred_candidate_00016,EPAATH_grade1__math__adding_upto_hundred,grade1/math/adding_upto_hundred,1,math,mathematics,overview,exques,strings/string#id=exques,exact_record_key,high_exact_single_sentence,90,low,many_identical_pairs,high,review_first,,Choose the correct answer for above question.,माथिको प्रश्नको सहि उत्तर छानौँ।,1,1,Choose the correct answer for above question.,माथिको प्रश्नको सहि उत्तर छानौँ।
EPAATH_grade1__math__adding_upto_hundred_candidate_00047,EPAATH_grade1__math__adding_upto_hundred,grade1/math/adding_upto_hundred,1,math,mathematics,overview,exsp1,strings/string#id=exsp1,exact_record_key,high_exact_single_sentence,90,low,many_identical_pairs,high,review_first,,Help Devi on her quest to find delicious food.,देवीलाई खाना खोज्नको लागि मदत गरौँ।,1,1,Help Devi on her quest to find delicious food.,देवीलाई खाना खोज्नको लागि मदत गरौँ।
EPAATH_grade1__math__adding_upto_hundred_candidate_00048,EPAATH_grade1__math__adding_upto_hundred,grade1/math/adding_upto_hundred,1,math,mathematics,overview,exsp2,strings/string#id=exsp2,exact_record_key,high_exact_single_sentence,90,low,many_identical_pairs,high,review_first,,I’m hungry.,मलाई भोक लागेको छ।,1,1,I’m hungry.,मलाई भोक लागेको छ।
EPAATH_grade1__math__adding_upto_hundred_candidate_00049,EPAATH_grade1__math__adding_upto_hundred,grade1/math/adding_upto_hundred,1,math,mathematics,overview,exsp4,strings/string#id=exsp4,exact_record_key,high_exact_single_sentence,90,low,many_identical_pairs,high,review_first,,I’m stil hungry.,मलाई अझै भोक लागेको छ।,1,1,I’m stil hungry.,मलाई अझै भोक लागेको छ।
EPAATH_grade1__math__adding_upto_hundred_candidate_00050,EPAATH_grade1__math__adding_upto_hundred,grade1/math/adding_upto_hundred,1,math,mathematics,overview,extitle,strings/string#id=extitle,exact_record_key,high_exact_single_sentence,90,low,many_identical_pairs,high,review_first,,FOOD HUNT,फूड हन्ट,1,1,FOOD HUNT,फूड हन्ट
EPAATH_grade1__math__adding_upto_hundred_candidate_00051,EPAATH_grade1__math__adding_upto_hundred,grade1/math/adding_upto_hundred,1,math,mathematics,overview,hurray,strings/string#id=hurray,exact_record_key,high_exact_single_sentence,90,low,many_identical_pairs,high,review_first,,Hurray!,हुर्रे!,1,1,Hurray!,हुर्रे!
EPAATH_grade1__math__adding_upto_hundred_candidate_00052,EPAATH_grade1__math__adding_upto_hundred,grade1/math/adding_upto_hundred,1,math,mathematics,page3,it_is_less_than,strings/string#id=it_is_less_than,exact_record_key,high_exact_multi_sentence,90,low,many_identical_pairs,high,review_first,,It is less than that. Count by going right to left.,त्यो भन्दा कम हुन्छ। दायाँबाट बायाँ गएर गणना गरौँ।,1,1,It is less than that.,त्यो भन्दा कम हुन्छ।
EPAATH_grade1__math__adding_upto_hundred_candidate_00053,EPAATH_grade1__math__adding_upto_hundred,grade1/math/adding_upto_hundred,1,math,mathematics,page3,it_is_less_than,strings/string#id=it_is_less_than,exact_record_key,high_exact_multi_sentence,90,low,many_identical_pairs,high,review_first,,It is less than that. Count by going right to left.,त्यो भन्दा कम हुन्छ। दायाँबाट बायाँ गएर गणना गरौँ।,2,2,Count by going right to left.,दायाँबाट बायाँ गएर गणना गरौँ।
EPAATH_grade1__math__adding_upto_hundred_candidate_00054,EPAATH_grade1__math__adding_upto_hundred,grade1/math/adding_upto_hundred,1,math,mathematics,page3,it_is_more_than,strings/string#id=it_is_more_than,exact_record_key,high_exact_multi_sentence,90,low,many_identical_pairs,high,review_first,,It is more than that. Count by going right to left.,त्यो भन्दा बाढी हुन्छ। दायाँबाट बायाँ गएर गणना गरौँ।,1,1,It is more than that.,त्यो भन्दा बाढी हुन्छ।
EPAATH_grade1__math__adding_upto_hundred_candidate_00055,EPAATH_grade1__math__adding_upto_hundred,grade1/math/adding_upto_hundred,1,math,mathematics,page3,it_is_more_than,strings/string#id=it_is_more_than,exact_record_key,high_exact_multi_sentence,90,low,many_identical_pairs,high,review_first,,It is more than that. Count by going right to left.,त्यो भन्दा बाढी हुन्छ। दायाँबाट बायाँ गएर गणना गरौँ।,2,2,Count by going right to left.,दायाँबाट बायाँ गएर गणना गरौँ।
EPAATH_grade1__math__adding_upto_hundred_candidate_00056,EPAATH_grade1__math__adding_upto_hundred,grade1/math/adding_upto_hundred,1,math,mathematics,overview,less_than,strings/string#id=less_than,exact_record_key,high_exact_multi_sentence,90,low,many_identical_pairs,high,review_first,,They have less than that. Count by going right to left.,उनीहरूसँग त्योभन्दा कम गुच्चाहरू छन्। दायाँबाट बायाँ गएर गणना गरौँ।,1,1,They have less than that.,उनीहरूसँग त्योभन्दा कम गुच्चाहरू छन्।
EPAATH_grade1__math__adding_upto_hundred_candidate_00057,EPAATH_grade1__math__adding_upto_hundred,grade1/math/adding_upto_hundred,1,math,mathematics,overview,less_than,strings/string#id=less_than,exact_record_key,high_exact_multi_sentence,90,low,many_identical_pairs,high,review_first,,They have less than that. Count by going right to left.,उनीहरूसँग त्योभन्दा कम गुच्चाहरू छन्। दायाँबाट बायाँ गएर गणना गरौँ।,2,2,Count by going right to left.,दायाँबाट बायाँ गएर गणना गरौँ।
EPAATH_grade1__math__adding_upto_hundred_candidate_00058,EPAATH_grade1__math__adding_upto_hundred,grade1/math/adding_upto_hundred,1,math,mathematics,overview,more_than,strings/string#id=more_than,exact_record_key,high_exact_multi_sentence,90,low,many_identical_pairs,high,review_first,,They have more than that. Count by going right to left.,"उनीहरूसँग त्योभन्दा धेरै गुच्चाहरू छन्। दायाँबाट बायाँ गएर गणना
 गरौँ।",1,1,They have more than that.,उनीहरूसँग त्योभन्दा धेरै गुच्चाहरू छन्।
EPAATH_grade1__math__adding_upto_hundred_candidate_00059,EPAATH_grade1__math__adding_upto_hundred,grade1/math/adding_upto_hundred,1,math,mathematics,overview,more_than,strings/string#id=more_than,exact_record_key,high_exact_multi_sentence,90,low,many_identical_pairs,high,review_first,,They have more than that. Count by going right to left.,"उनीहरूसँग त्योभन्दा धेरै गुच्चाहरू छन्। दायाँबाट बायाँ गएर गणना
 गरौँ।",2,2,Count by going right to left.,"दायाँबाट बायाँ गएर गणना
 गरौँ।"
EPAATH_grade1__math__adding_upto_hundred_candidate_00060,EPAATH_grade1__math__adding_upto_hundred,grade1/math/adding_upto_hundred,1,math,mathematics,page1,p1text1,strings/string#id=p1text1,exact_record_key,high_exact_single_sentence,90,low,many_identical_pairs,high,review_first,,Let's learn to add numbers up to 100.,१०० सम्म आउने सङ्ख्याहरूको जोड गरौँ।,1,1,Let's learn to add numbers up to 100.,१०० सम्म आउने सङ्ख्याहरूको जोड गरौँ।
EPAATH_grade1__math__adding_upto_hundred_candidate_00061,EPAATH_grade1__math__adding_upto_hundred,grade1/math/adding_upto_hundred,1,math,mathematics,page1,p1text2,strings/string#id=p1text2,exact_record_key,high_exact_single_sentence,90,low,many_identical_pairs,high,review_first,,Usha has 30 marbles.,ऊषासँग ३० ओटा गुच्चाहरू छन्।,1,1,Usha has 30 marbles.,ऊषासँग ३० ओटा गुच्चाहरू छन्।
EPAATH_grade1__math__adding_upto_hundred_candidate_00062,EPAATH_grade1__math__adding_upto_hundred,grade1/math/adding_upto_hundred,1,math,mathematics,page1,p1text3,strings/string#id=p1text3,exact_record_key,high_exact_single_sentence,90,low,many_identical_pairs,high,review_first,,Numa has 40 marbles.,नूमासँग ४० ओटा गुच्चाहरू छन्।,1,1,Numa has 40 marbles.,नूमासँग ४० ओटा गुच्चाहरू छन्।
EPAATH_grade1__math__adding_upto_hundred_candidate_00063,EPAATH_grade1__math__adding_upto_hundred,grade1/math/adding_upto_hundred,1,math,mathematics,page1,p1text4,strings/string#id=p1text4,exact_record_key,high_exact_single_sentence,90,low,many_identical_pairs,high,review_first,,How many marbles are there altogether?,अब जम्मा कतिओटा गुच्चाहरू छन्?,1,1,How many marbles are there altogether?,अब जम्मा कतिओटा गुच्चाहरू छन्?
EPAATH_grade1__math__adding_upto_hundred_candidate_00071,EPAATH_grade1__math__adding_upto_hundred,grade1/math/adding_upto_hundred,1,math,mathematics,page1,p1text7,strings/string#id=p1text7,exact_record_key,high_exact_single_sentence,90,low,many_identical_pairs,high,review_first,,They have 70 marbles in total.,उनीहरूसँग जम्मा ७० ओटा गुच्चाहरू छन्।,1,1,They have 70 marbles in total.,उनीहरूसँग जम्मा ७० ओटा गुच्चाहरू छन्।
EPAATH_grade1__math__adding_upto_hundred_candidate_00072,EPAATH_grade1__math__adding_upto_hundred,grade1/math/adding_upto_hundred,1,math,mathematics,page2,p2text1,strings/string#id=p2text1,exact_record_key,high_exact_single_sentence,90,low,many_identical_pairs,high,review_first,,My brother and sister have some sweets.,मेरा दाइ र दिदीसँग केहि चकलेटहरू छन्।,1,1,My brother and sister have some sweets.,मेरा दाइ र दिदीसँग केहि चकलेटहरू छन्।
EPAATH_grade1__math__adding_upto_hundred_candidate_00073,EPAATH_grade1__math__adding_upto_hundred,grade1/math/adding_upto_hundred,1,math,mathematics,page2,p2text2,strings/string#id=p2text2,exact_record_key,high_exact_single_sentence,90,low,many_identical_pairs,high,review_first,,My brother has 25 sweets.,मेरा दाइसँग २५ ओटा चकलेटहरू छन्।,1,1,My brother has 25 sweets.,मेरा दाइसँग २५ ओटा चकलेटहरू छन्।
EPAATH_grade1__math__adding_upto_hundred_candidate_00074,EPAATH_grade1__math__adding_upto_hundred,grade1/math/adding_upto_hundred,1,math,mathematics,page2,p2text3,strings/string#id=p2text3,exact_record_key,high_exact_single_sentence,90,low,many_identical_pairs,high,review_first,,My sister has 33 sweets.,मेरि दिदीसँग ३३ ओटा चकलेटहरू छन्।,1,1,My sister has 33 sweets.,मेरि दिदीसँग ३३ ओटा चकलेटहरू छन्।
EPAATH_grade1__math__adding_upto_hundred_candidate_00075,EPAATH_grade1__math__adding_upto_hundred,grade1/math/adding_upto_hundred,1,math,mathematics,page2,p2text4,strings/string#id=p2text4,exact_record_key,high_exact_single_sentence,90,low,many_identical_pairs,high,review_first,,How many sweets do they have in total?,उहाँहरूसँग जम्मा कति ओटा चकलेटहरू छन्?,1,1,How many sweets do they have in total?,उहाँहरूसँग जम्मा कति ओटा चकलेटहरू छन्?
EPAATH_grade1__math__adding_upto_hundred_candidate_00083,EPAATH_grade1__math__adding_upto_hundred,grade1/math/adding_upto_hundred,1,math,mathematics,page2,p2text7,strings/string#id=p2text7,exact_record_key,high_exact_single_sentence,90,low,many_identical_pairs,high,review_first,,They have 58 marbles in total.,उहाँहरूसँग जम्मा ५८ ओटा चकलेटहरू छन्।,1,1,They have 58 marbles in total.,उहाँहरूसँग जम्मा ५८ ओटा चकलेटहरू छन्।
EPAATH_grade1__math__adding_upto_hundred_candidate_00084,EPAATH_grade1__math__adding_upto_hundred,grade1/math/adding_upto_hundred,1,math,mathematics,page3,p3text1,strings/string#id=p3text1,exact_record_key,high_exact_single_sentence,90,low,many_identical_pairs,high,review_first,,Now let’s do some addition.,अब केहि थप जोडहरू गरौँ।,1,1,Now let’s do some addition.,अब केहि थप जोडहरू गरौँ।
EPAATH_grade1__math__adding_upto_hundred_candidate_00101,EPAATH_grade1__math__adding_upto_hundred,grade1/math/adding_upto_hundred,1,math,mathematics,overview,pick,strings/string#id=pick,exact_record_key,high_exact_single_sentence,90,low,many_identical_pairs,high,review_first,,Pick,टिपौँ,1,1,Pick,टिपौँ
EPAATH_grade1__math__adding_upto_hundred_candidate_00102,EPAATH_grade1__math__adding_upto_hundred,grade1/math/adding_upto_hundred,1,math,mathematics,overview,play,strings/string#id=play,exact_record_key,high_exact_single_sentence,90,low,many_identical_pairs,high,review_first,,Play,खेलौँ,1,1,Play,खेलौँ
EPAATH_grade1__math__adding_upto_hundred_candidate_00103,EPAATH_grade1__math__adding_upto_hundred,grade1/math/adding_upto_hundred,1,math,mathematics,overview,start,strings/string#id=start,exact_record_key,high_exact_single_sentence,90,low,many_identical_pairs,high,review_first,,Start,सुरु गरौँ,1,1,Start,सुरु गरौँ
EPAATH_grade1__math__adding_upto_hundred_candidate_00104,EPAATH_grade1__math__adding_upto_hundred,grade1/math/adding_upto_hundred,1,math,mathematics,overview,try_again,strings/string#id=try_again,exact_record_key,high_exact_single_sentence,90,low,many_identical_pairs,high,review_first,,Try again!,फेरि प्रयास गरौँ।,1,1,Try again!,फेरि प्रयास गरौँ।
EPAATH_grade1__math__adding_upto_hundred_candidate_00105,EPAATH_grade1__math__adding_upto_hundred,grade1/math/adding_upto_hundred,1,math,mathematics,overview,you_are_right,strings/string#id=you_are_right,exact_record_key,high_exact_multi_sentence,90,low,many_identical_pairs,high,review_first,,You are right. You count by going right to left.,ठिक। दायाँबाट बायाँ गएर गणना गरौँ।,1,1,You are right.,ठिक।
EPAATH_grade1__math__adding_upto_hundred_candidate_00106,EPAATH_grade1__math__adding_upto_hundred,grade1/math/adding_upto_hundred,1,math,mathematics,overview,you_are_right,strings/string#id=you_are_right,exact_record_key,high_exact_multi_sentence,90,low,many_identical_pairs,high,review_first,,You are right. You count by going right to left.,ठिक। दायाँबाट बायाँ गएर गणना गरौँ।,2,2,You count by going right to left.,दायाँबाट बायाँ गएर गणना गरौँ।
EPAATH_grade5__math__fractions_candidate_00001,EPAATH_grade5__math__fractions,grade5/math/fractions,5,math,mathematics,overview,lesson/chapter,lesson/chapter,exact_record_key,high_exact_single_sentence,90,low,many_identical_pairs,medium,review_carefully,lesson_metadata,Fraction,भिन्न,1,1,Fraction,भिन्न
EPAATH_grade5__math__fractions_candidate_00002,EPAATH_grade5__math__fractions,grade5/math/fractions,5,math,mathematics,overview,lesson/levelname,lesson/levelname,exact_record_key,high_exact_single_sentence,90,low,many_identical_pairs,medium,review_carefully,lesson_metadata,Level 1,तह १,1,1,Level 1,तह १
EPAATH_grade5__math__fractions_candidate_00003,EPAATH_grade5__math__fractions,grade5/math/fractions,5,math,mathematics,overview,lesson/objective/description/purpose,lesson/objective/description/purpose,exact_record_key,high_exact_single_sentence,90,low,many_identical_pairs,medium,review_carefully,lesson_metadata,To multiply a whole number with a fraction and convert the product to mixed fraction,पूर्ण सङ्ख्यालाई भिन्नसँग गुणन गर्न र गुणनफललाई मिश्रित भिन्नमा परिणत गर्न,1,1,To multiply a whole number with a fraction and convert the product to mixed fraction,पूर्ण सङ्ख्यालाई भिन्नसँग गुणन गर्न र गुणनफललाई मिश्रित भिन्नमा परिणत गर्न
EPAATH_grade5__math__fractions_candidate_00004,EPAATH_grade5__math__fractions,grade5/math/fractions,5,math,mathematics,overview,lesson/objective/description/purpose[2],lesson/objective/description/purpose[2],exact_record_key,high_exact_single_sentence,90,low,many_identical_pairs,medium,review_carefully,lesson_metadata,To multiply any two proper fractions,कुनै दुई उपयुक्त भिन्नहरूको गुणन गर्न,1,1,To multiply any two proper fractions,कुनै दुई उपयुक्त भिन्नहरूको गुणन गर्न
EPAATH_grade5__math__fractions_candidate_00006,EPAATH_grade5__math__fractions,grade5/math/fractions,5,math,mathematics,overview,lesson/subject,lesson/subject,exact_record_key,high_exact_single_sentence,90,low,many_identical_pairs,medium,review_carefully,lesson_metadata,Maths,गणित,1,1,Maths,गणित
EPAATH_grade5__math__fractions_candidate_00013,EPAATH_grade5__math__fractions,grade5/math/fractions,5,math,mathematics,page1,p1text1,strings/string#id=p1text1,exact_record_key,high_exact_single_sentence,90,low,many_identical_pairs,high,review_first,,How many sweets are here?,यहाँ कतिओटा मिठाईहरू छन्?,1,1,How many sweets are here?,यहाँ कतिओटा मिठाईहरू छन्?
EPAATH_grade5__math__fractions_candidate_00025,EPAATH_grade5__math__fractions,grade5/math/fractions,5,math,mathematics,page1,p1text6,strings/string#id=p1text6,exact_record_key,high_exact_single_sentence,90,low,many_identical_pairs,high,review_first,,Multiplying a fraction with a whole number means multiplying the whole number with the numerator keeping denominator the same.,भिन्नलाई पूर्ण सङ्ख्याले गुणन गर्दा पूर्ण सङ्ख्याले भिन्नको अंशलाई गुणन गरी हरलाई उही राख्नुपर्छ।,1,1,Multiplying a fraction with a whole number means multiplying the whole number with the numerator keeping denominator the same.,भिन्नलाई पूर्ण सङ्ख्याले गुणन गर्दा पूर्ण सङ्ख्याले भिन्नको अंशलाई गुणन गरी हरलाई उही राख्नुपर्छ।
EPAATH_grade5__math__fractions_candidate_00027,EPAATH_grade5__math__fractions,grade5/math/fractions,5,math,mathematics,page1,p1text8,strings/string#id=p1text8,exact_record_key,high_exact_single_sentence,90,low,many_identical_pairs,high,review_first,,"If the result is improper, then it should be converted into mixed fraction.",यसरी आउने भिन्न अनुपयुक्त भिन्न भए सो भिन्नलाई मिश्रित सङ्ख्यामा व्यक्त गर्नुपर्छ।,1,1,"If the result is improper, then it should be converted into mixed fraction.",यसरी आउने भिन्न अनुपयुक्त भिन्न भए सो भिन्नलाई मिश्रित सङ्ख्यामा व्यक्त गर्नुपर्छ।
EPAATH_grade5__math__fractions_candidate_00030,EPAATH_grade5__math__fractions,grade5/math/fractions,5,math,mathematics,page2,p2text2,strings/string#id=p2text2,exact_record_key,high_exact_single_sentence,90,low,many_identical_pairs,high,review_first,,Enter a proper fraction:,उपयुक्त भिन्न राख,1,1,Enter a proper fraction:,उपयुक्त भिन्न राख
EPAATH_grade5__math__fractions_candidate_00036,EPAATH_grade5__math__fractions,grade5/math/fractions,5,math,mathematics,page2,p2text8,strings/string#id=p2text8,exact_record_key,high_exact_single_sentence,90,low,many_identical_pairs,high,review_first,,numerator must be less than denominator,अंशभन्दा हर ठुलो हुनुपर्छ,1,1,numerator must be less than denominator,अंशभन्दा हर ठुलो हुनुपर्छ
EPAATH_grade5__math__fractions_candidate_00037,EPAATH_grade5__math__fractions,grade5/math/fractions,5,math,mathematics,page3,p3text1,strings/string#id=p3text1,exact_record_key,high_exact_single_sentence,90,low,many_identical_pairs,high,review_first,,Multiplying a fraction with another fraction means multiplying the numerator with the numerator and denominator with the denominator.,भिन्नहरूको गुणन गर्दा हरले हरलाई र अंशले अंशलाई गुणन गर्नुपर्छ।,1,1,Multiplying a fraction with another fraction means multiplying the numerator with the numerator and denominator with the denominator.,भिन्नहरूको गुणन गर्दा हरले हरलाई र अंशले अंशलाई गुणन गर्नुपर्छ।
EPAATH_grade5__math__fractions_candidate_00040,EPAATH_grade5__math__fractions,grade5/math/fractions,5,math,mathematics,page3,p3text4,strings/string#id=p3text4,exact_record_key,high_exact_single_sentence,90,low,many_identical_pairs,high,review_first,,Choose a numerator which is less than the denominator.,हरभन्दा अंश सानो छान।,1,1,Choose a numerator which is less than the denominator.,हरभन्दा अंश सानो छान।
EPAATH_grade5__math__fractions_candidate_00044,EPAATH_grade5__math__fractions,grade5/math/fractions,5,math,mathematics,global,pctext1,strings/string#id=pctext1,exact_record_key,medium_global_ui,90,low,many_identical_pairs,medium,review_carefully,global_ui,Check,जाँच,1,1,Check,जाँच
EPAATH_grade5__math__fractions_candidate_00045,EPAATH_grade5__math__fractions,grade5/math/fractions,5,math,mathematics,page2,pctext2,strings/string#id=pctext2,exact_record_key,high_exact_single_sentence,90,low,many_identical_pairs,high,review_first,,Submit,पेश गर,1,1,Submit,पेश गर
EPAATH_grade5__math__fractions_candidate_00046,EPAATH_grade5__math__fractions,grade5/math/fractions,5,math,mathematics,page3,pctext3,strings/string#id=pctext3,exact_record_key,high_exact_single_sentence,90,low,many_identical_pairs,high,review_first,,Multiply,गुणन,1,1,Multiply,गुणन
EPAATH_grade5__math__fractions_candidate_00047,EPAATH_grade5__math__fractions,grade5/math/fractions,5,math,mathematics,global,pdiy,strings/string#id=pdiy,exact_record_key,medium_global_ui,90,low,many_identical_pairs,medium,review_carefully,global_ui,Do It Yourself,आफैँँ गर,1,1,Do It Yourself,आफैँँ गर
EPAATH_grade5__math__fractions_candidate_00049,EPAATH_grade5__math__fractions,grade5/math/fractions,5,math,mathematics,global,predo,strings/string#id=predo,exact_record_key,medium_global_ui,90,low,many_identical_pairs,medium,review_carefully,global_ui,Play again,फेरी खेल,1,1,Play again,फेरी खेल
EPAATH_grade5__math__fractions_candidate_00051,EPAATH_grade5__math__fractions,grade5/math/fractions,5,math,mathematics,global,title1,strings/string#id=title1,exact_record_key,medium_global_ui,90,low,many_identical_pairs,medium,review_carefully,global_ui,Fractions,भिन्न,1,1,Fractions,भिन्न
